# Blender 5.0.0
# www.blender.org
mtllib BigTree2.mtl
o Tree
v 0.283366 -0.022505 -0.440927
v 0.000000 -0.022505 -0.524130
v 0.000000 0.835412 -0.663124
v 0.283366 0.847751 -0.580840
v 0.476766 -0.022505 -0.217732
v 0.518795 -0.022505 0.074592
v 0.396111 -0.022505 0.343232
v 0.147664 -0.022505 0.502899
v -0.147665 -0.022505 0.502899
v -0.396111 -0.022505 0.343232
v -0.518795 -0.022505 0.074591
v -0.476766 -0.022505 -0.217732
v -0.283366 -0.022505 -0.440927
v -0.283366 0.847751 -0.580840
v 0.223801 1.654467 -0.245995
v 0.476766 0.880852 -0.360113
v 0.518795 0.924204 -0.071022
v 0.396111 0.964044 0.194648
v 0.147664 0.987723 0.352549
v -0.147665 0.987723 0.352549
v -0.396111 0.964044 0.194648
v -0.518795 0.924204 -0.071023
v -0.476766 0.880852 -0.360113
v -0.000000 1.676042 -0.308066
v 0.116624 1.409724 0.458109
v -0.116625 1.409724 0.458109
v -0.223801 1.654467 -0.245995
v 0.172808 1.783868 -0.145261
v 0.376546 1.596590 -0.079489
v 0.409741 1.520788 0.138587
v 0.312846 1.451127 0.338996
v -0.312846 1.451127 0.338996
v 0.107329 1.800922 0.564833
v -0.107329 1.800922 0.564832
v -0.409741 1.520788 0.138587
v -0.376546 1.596590 -0.079490
v 0.000000 1.901571 -0.163544
v 0.424197 1.818748 -0.313475
v 0.370149 1.766414 -0.299193
v 0.350978 1.723168 -0.306174
v 0.301710 1.624946 -0.161067
v -0.287912 1.816569 0.451596
v -0.108835 1.824406 0.569536
v 0.108384 1.824406 0.569536
v -0.205963 1.893417 -0.104535
v 0.205963 1.893417 -0.104535
v 0.506942 1.932733 -0.371621
v 0.534461 1.886903 -0.388689
v 0.460481 1.863004 -0.338817
v 0.369499 1.725876 -0.281351
v 0.403407 1.697412 -0.220440
v 0.419275 1.700065 -0.199326
v 0.432694 1.687849 -0.174780
v 0.454292 1.668186 -0.135274
v 0.402492 1.737560 0.012954
v 0.377084 1.842896 0.261074
v 0.287912 1.816569 0.451596
v -0.377084 1.842896 0.261074
v -0.160461 1.890028 0.551953
v 0.213485 1.721200 0.597190
v 0.163014 1.889665 0.552050
v -0.346535 1.871544 0.053756
v 0.000000 2.053050 -0.066474
v 0.193983 2.053911 -0.009522
v 0.567393 1.896550 -0.404493
v 0.472383 1.726475 -0.136775
v 0.489863 1.766414 -0.130645
v 0.568175 1.863004 -0.187191
v 0.575615 1.866381 -0.198480
v 0.640643 1.954511 -0.237350
v 0.355149 2.059243 0.343343
v 0.271164 2.062022 0.527224
v -0.271164 2.062022 0.527224
v -0.355149 2.059243 0.343343
v -0.155066 2.024000 0.587850
v 0.163311 1.890028 0.551953
v 0.213485 1.890028 0.551953
v -0.257104 1.721199 0.597190
v -0.257104 1.890028 0.551953
v -0.193983 2.053911 -0.009522
v 0.263170 1.884516 -0.040117
v 0.514858 2.013761 -0.362188
v 0.725593 1.887888 -0.499108
v 0.728222 1.818861 -0.493803
v 0.688133 1.863004 -0.474015
v 0.573098 1.898358 -0.408117
v 0.346535 1.871544 0.053756
v 0.644193 1.890661 -0.258409
v 0.588095 2.041526 -0.241853
v 0.163310 1.890138 0.551982
v 0.257380 2.240679 0.475926
v -0.326377 2.056220 0.143252
v -0.337096 2.228094 0.302726
v 0.410834 1.890028 0.551953
v 0.410834 1.721200 0.597190
v 0.213485 1.597608 0.720782
v -0.257104 1.597608 0.720782
v -0.000000 2.200047 -0.083286
v 0.184122 2.203945 -0.029642
v 0.754352 1.793724 -0.500425
v 0.746259 1.870651 -0.342889
v 0.838010 1.893937 -0.406990
v 0.667971 1.898358 -0.274543
v 0.830736 1.964279 -0.438946
v 0.136486 2.070395 0.608728
v 0.151577 2.058857 0.597190
v 0.326377 2.056220 0.143252
v 0.337096 2.228094 0.302726
v 0.148010 2.185433 0.583404
v -0.309787 2.214401 0.114258
v -0.154985 2.058857 0.597190
v -0.257380 2.240679 0.475926
v -0.257104 2.058857 0.597190
v 0.213485 2.058857 0.597190
v 0.410834 2.058857 0.597190
v 0.442420 1.890028 0.645295
v 0.442420 1.767871 0.678027
v 0.410834 1.597608 0.720782
v 0.213485 1.552370 0.889611
v -0.257104 1.552370 0.889611
v -0.288691 1.678445 0.767453
v -0.288691 1.767871 0.678027
v -0.288691 1.890028 0.645295
v -0.184122 2.203945 -0.029642
v 0.309787 2.214401 0.114258
v 0.544663 2.025060 -0.313217
v 0.758849 1.937648 -0.517138
v 0.831218 1.728102 -0.553643
v 0.796106 1.707827 -0.515910
v 0.777741 1.766414 -0.514657
v 0.801703 1.814430 -0.397999
v 0.802052 1.814360 -0.398280
v 0.768195 1.863004 -0.361293
v 0.788104 1.948486 -0.485317
v 0.225036 2.659890 0.355557
v 0.231557 2.657518 0.342008
v 0.113272 2.294245 0.549403
v -0.141101 2.070394 0.608728
v -0.153083 2.189928 0.581999
v -0.224772 2.663317 0.354573
v -0.267587 2.616742 0.040509
v -0.288691 2.012186 0.678027
v 0.213485 2.182449 0.720782
v 0.410834 2.182449 0.720782
v 0.442420 2.012186 0.678027
v 0.442420 1.678445 0.767453
v 0.489658 1.890028 0.675953
v 0.489658 1.783200 0.704578
v 0.410834 1.552370 0.889611
v 0.213485 1.597608 1.058440
v -0.257104 1.597608 1.058440
v -0.288691 1.645713 0.889611
v -0.335928 1.704996 0.782782
v -0.335928 1.783200 0.704578
v -0.335928 1.890028 0.675953
v -0.000000 2.573942 -0.126047
v 0.159041 2.585565 -0.080818
v 0.267587 2.616742 0.040509
v 0.794810 1.662329 -0.538787
v 0.801609 1.814423 -0.398145
v 0.924524 1.702820 -0.473701
v 0.952351 1.715283 -0.533272
v 0.905393 1.714931 -0.563783
v 0.121239 2.078489 0.616822
v 0.209169 2.659137 0.462593
v 0.220495 2.662171 0.357856
v 0.113582 2.633524 0.439927
v 0.269318 2.644239 0.258303
v 0.089369 2.627036 0.457262
v 0.128483 2.276864 0.855943
v -0.159041 2.585565 -0.080818
v -0.257104 2.182449 0.720782
v -0.128855 2.175735 0.714069
v -0.118470 2.294245 0.549403
v -0.291177 2.657576 0.199415
v -0.213288 2.660240 0.363184
v -0.335928 1.996857 0.704578
v -0.288691 2.101612 0.767453
v 0.213485 2.227686 0.889611
v 0.410834 2.227686 0.889611
v 0.442420 2.101612 0.767453
v 0.489658 1.996857 0.704578
v 0.442420 1.645713 0.889611
v 0.489658 1.704996 0.782782
v 0.489658 1.890028 0.713714
v 0.410834 1.597608 1.058440
v 0.006078 1.666785 1.127617
v -0.288691 1.678445 1.011769
v -0.335928 1.676371 0.889611
v -0.335928 1.890028 0.713714
v -0.335928 2.014406 0.765233
v -0.335928 2.065925 0.889611
v -0.335928 2.075061 0.996439
v -0.335928 2.103686 0.889611
v -0.335928 2.075061 0.782782
v -0.335928 1.714131 0.889611
v -0.335928 1.765650 0.765233
v 0.291177 2.657576 0.199415
v 0.873168 1.714689 -0.584720
v 0.781928 1.593521 -0.550867
v 0.795723 1.634470 -0.550393
v 0.800647 1.814082 -0.400088
v 0.802568 1.813383 -0.398590
v 0.842732 1.766414 -0.423154
v 0.855051 1.713993 -0.430067
v 0.860511 1.703652 -0.433342
v 0.128043 2.182449 0.720782
v 0.000000 2.603090 0.463892
v 0.093221 2.374529 0.859347
v -0.126363 2.078488 0.616821
v -0.108541 2.364347 0.858585
v -0.262226 2.673353 0.260812
v -0.090454 2.627327 0.457181
v -0.263747 2.673761 0.045053
v -0.288271 2.680332 0.193114
v -0.221163 2.662351 -0.015900
v -0.288691 2.134344 0.889611
v -0.257104 2.227686 0.889611
v 0.124791 2.192633 0.758791
v 0.213485 2.182449 1.058440
v 0.410834 2.182449 1.058440
v 0.442420 2.134344 0.889611
v 0.489658 2.075061 0.782782
v 0.442420 1.678445 1.011769
v 0.489658 1.676371 0.889611
v 0.489658 1.765650 0.765233
v 0.410834 1.721199 1.182031
v 0.213485 1.721199 1.182031
v 0.095141 1.688079 1.148911
v -0.257104 1.721199 1.182031
v -0.288691 1.767870 1.101194
v -0.335928 1.704996 0.996439
v -0.362677 1.772324 0.771906
v -0.362677 1.890028 0.723152
v -0.362677 2.007732 0.771906
v -0.362677 2.056487 0.889611
v -0.335928 1.783200 1.074643
v -0.335928 1.890028 1.103268
v -0.335928 1.996857 1.074643
v -0.335928 2.014406 1.013989
v -0.335928 1.890028 1.065508
v -0.335928 1.765650 1.013989
v -0.288691 2.101612 1.011769
v -0.362677 1.723569 0.889611
v -0.008094 2.605259 -0.127826
v -0.155335 2.644712 -0.089763
v 0.140819 2.640822 -0.093544
v 0.012710 2.606495 -0.126648
v 0.221326 2.662394 -0.015900
v 0.287171 2.680037 0.185772
v 0.754225 1.509783 -0.551123
v 0.852616 1.712327 -0.434265
v 0.858406 1.691906 -0.435562
v 0.862963 1.634470 -0.455724
v 0.835131 1.560361 -0.460617
v 0.834562 1.558846 -0.460717
v 0.818468 1.469033 -0.477696
v 0.840576 1.459358 -0.528208
v 0.801455 1.464819 -0.553393
v 0.774609 1.468567 -0.570676
v 0.914076 2.241402 0.827360
v 0.281566 2.662813 0.219796
v 0.091747 2.207506 1.178749
v -0.129766 2.182449 0.720782
v -0.133865 2.267733 0.855098
v -0.423322 2.716519 -0.015900
v -0.285693 2.679641 0.199438
v -0.423322 2.716519 1.275731
v -0.261370 2.673124 0.029100
v -0.247346 2.669366 0.013405
v -0.166218 2.647628 -0.077397
v -0.119788 2.217971 0.853356
v -0.257104 2.182449 1.058440
v 0.117539 2.218099 0.853831
v 0.099717 2.190873 1.026999
v 0.213485 2.058857 1.182031
v 0.410834 2.058857 1.182031
v 0.442420 2.101612 1.011769
v 0.489658 2.103686 0.889611
v 0.489658 2.014406 0.765233
v 0.442420 1.767870 1.101194
v 0.489658 1.704996 0.996440
v 0.489658 1.714131 0.889611
v 0.516406 1.890028 0.723152
v 0.516406 1.772324 0.771906
v 0.410834 1.890028 1.227269
v 0.213485 1.890028 1.227269
v 0.072214 1.684711 1.145542
v -0.004170 1.691804 1.152636
v -0.257104 1.890028 1.227269
v -0.288691 1.890028 1.133926
v -0.374836 1.790005 0.789588
v -0.374836 1.890028 0.748157
v -0.374836 1.990051 0.789588
v -0.362677 2.007733 1.007315
v -0.374836 2.031482 0.889611
v -0.362677 1.772324 1.007315
v -0.288691 2.012186 1.101194
v -0.362677 1.890028 1.056070
v -0.374836 1.748575 0.889611
v -0.423322 2.716519 -1.307532
v 0.000000 2.603090 -1.307532
v -0.000000 2.603090 -0.129933
v -0.000000 2.603090 -0.129933
v 0.423322 2.716519 -1.307532
v 0.423322 2.716519 -0.015900
v 0.155335 2.644712 -0.089763
v 0.251188 2.670396 0.017524
v 0.287246 2.679837 0.186128
v 0.261370 2.673124 0.029101
v 0.746191 1.495942 -0.548854
v 0.747083 1.497479 -0.549106
v 0.751892 1.502525 -0.551049
v 0.849220 1.703151 -0.443293
v 0.857868 1.697548 -0.433710
v 0.791999 1.482751 -0.460433
v 0.812721 1.502525 -0.465407
v 1.058211 2.288225 0.697196
v 0.802829 2.288225 0.986551
v 0.288941 2.675085 0.194567
v 0.387900 2.707027 0.105586
v 0.318485 2.688428 0.747486
v 0.049763 2.257251 1.222827
v -0.096633 2.215006 1.210529
v 0.000000 2.603090 1.275732
v -0.258920 2.672468 0.026358
v -0.118954 2.227686 0.889611
v -0.110671 2.215108 0.936552
v -0.257104 2.058857 1.182031
v 0.116730 2.227686 0.889611
v 0.098139 2.182449 1.058440
v 0.096527 2.147164 1.093725
v 0.442420 2.012186 1.101194
v 0.489658 2.075061 0.996440
v 0.489658 2.065925 0.889611
v 0.516406 2.007733 0.771906
v 0.442420 1.890028 1.133926
v 0.489658 1.783200 1.074644
v 0.516406 1.723569 0.889611
v 0.528566 1.890028 0.748157
v 0.528566 1.790006 0.789588
v 0.097514 1.721199 1.182031
v 0.095590 1.806412 1.204864
v 0.094978 1.645199 1.128635
v 0.010665 1.640987 1.115200
v -0.015965 1.721199 1.182031
v -0.040908 1.890028 1.227269
v -0.362677 1.807687 0.807270
v -0.362677 1.890028 0.773163
v -0.362677 1.972369 0.807270
v -0.374836 1.990051 0.989633
v -0.362677 2.006476 0.889611
v -0.374836 1.790005 0.989633
v -0.374836 1.890028 1.031064
v -0.362677 1.773580 0.889611
v -0.733215 3.026412 -0.611741
v -0.733215 3.026412 -1.307532
v -0.527540 2.820737 -0.015900
v -0.537345 2.830542 -0.067739
v -0.586514 2.879711 -0.327683
v -0.000000 2.776433 -1.371742
v -0.336651 2.866638 -1.371742
v 0.336650 2.866638 -1.371742
v 0.733215 3.026412 -1.307532
v 0.733215 3.026412 -0.517967
v 0.612683 2.905879 -0.433085
v 0.525309 2.818506 -0.118019
v 0.548938 2.842135 -0.015900
v 0.716385 1.307172 -0.389751
v 0.700211 1.322752 -0.377331
v 0.746543 1.496904 -0.548874
v 0.760965 1.427052 -0.407940
v 0.749199 1.405935 -0.388038
v 0.739913 1.402384 -0.378223
v 0.713664 1.321785 -0.318778
v 0.741347 1.307437 -0.336833
v 0.753930 1.301931 -0.365581
v 0.731664 1.305039 -0.379915
v 1.076051 2.357054 0.784090
v 0.971760 2.323175 0.878271
v 0.891267 2.357054 0.993456
v 0.754281 2.416148 1.132115
v 0.423322 2.716518 0.873682
v 0.098398 1.894502 1.303953
v -0.099288 2.154937 1.164668
v -0.733215 3.026412 1.275732
v -0.733215 3.026412 0.520998
v -0.586514 2.879710 0.445234
v -0.502077 2.795274 0.118719
v -0.336651 2.866638 1.339942
v -0.000000 2.776432 1.339942
v -0.104276 2.182449 1.058440
v 0.095719 2.058857 1.182031
v 0.095557 1.954626 1.209960
v 0.489658 1.996857 1.074644
v 0.516406 2.056487 0.889611
v 0.528566 1.990051 0.789588
v 0.489658 1.890028 1.103268
v 0.489658 1.765650 1.013989
v 0.528566 1.748575 0.889611
v 0.516406 1.772324 1.007315
v 0.516406 1.890028 0.773163
v 0.516406 1.807687 0.807270
v 0.100846 1.620293 1.163174
v 0.052793 1.890028 1.227269
v -0.003287 1.614097 1.147906
v -0.074430 2.051575 1.183982
v -0.335928 1.814361 0.813943
v -0.335928 1.890028 0.782601
v -0.335928 1.965696 0.813943
v -0.362677 1.972369 0.971952
v -0.335928 1.997038 0.889611
v -0.362677 1.807687 0.971952
v -0.362677 1.890028 1.006058
v -0.335928 1.783018 0.889611
v -1.619260 2.879710 -1.060852
v -1.485721 3.110397 -1.248956
v -0.755719 3.110397 -0.730712
v -0.846644 3.449734 -0.890856
v -0.846644 3.449734 -1.307532
v -0.840156 3.425520 -0.894207
v -0.583096 3.113084 -1.371742
v -0.613540 2.795274 0.039589
v -1.801679 2.795273 -0.803896
v -0.336651 2.866638 -1.786723
v -0.000000 2.776433 -1.786723
v 0.336651 2.866638 -1.371742
v 0.535812 2.829009 0.047719
v 0.583096 3.113084 -1.371742
v 0.846644 3.449734 -1.307532
v 0.846644 3.449734 -0.689730
v 0.764880 3.144588 -0.632151
v 0.954672 2.905879 -0.310690
v 1.035107 3.144588 -0.535439
v 0.844795 2.818506 -0.003678
v 0.566536 2.859733 0.060153
v 0.745746 1.495957 -0.548361
v 0.675920 1.323576 -0.350399
v 0.687487 1.396445 -0.413760
v 0.708990 1.405935 -0.444650
v 0.713870 1.399434 -0.395877
v 0.695172 1.322662 -0.334270
v 0.729277 1.401179 -0.385433
v 0.714596 1.313698 -0.358694
v 0.423322 2.716519 0.109059
v 1.196615 2.416148 0.630937
v 1.176194 2.449614 0.736148
v 1.109630 2.362342 0.837096
v 1.018427 2.332714 0.919459
v 0.948034 2.362342 1.020190
v 0.856139 2.449614 1.098780
v 0.069343 1.899967 1.358934
v 0.094713 2.143566 1.129133
v -0.048293 1.877452 1.339179
v -0.583096 3.113084 1.339942
v -0.846644 3.449734 1.275732
v -0.846644 3.449734 0.639063
v -0.840156 3.425520 0.651626
v -0.755719 3.110396 0.608018
v -0.795958 2.879710 0.296545
v 0.000000 2.776432 1.754923
v -0.336651 2.866638 1.754923
v 0.423322 2.716518 1.275731
v 0.336650 2.866638 1.339942
v -0.075917 2.058857 1.182031
v 0.094962 2.087974 1.152915
v 0.489658 2.014406 1.013989
v 0.516406 2.007733 1.007315
v 0.528566 2.031482 0.889611
v 0.516406 1.972369 0.807270
v 0.489658 1.890028 1.065508
v 0.528566 1.790006 0.989633
v 0.516406 1.773581 0.889611
v 0.516406 1.890028 1.056070
v 0.489658 1.814361 0.813943
v 0.489658 1.890028 0.782601
v -0.023997 1.851703 1.216999
v 0.085046 1.595447 1.192738
v 0.005019 1.591449 1.179985
v -0.054913 1.865615 1.280680
v -0.017573 1.737712 1.186456
v -0.335928 1.814361 0.965278
v -0.335928 1.890028 0.996621
v -0.335928 1.965696 0.965278
v -1.710639 3.030594 -1.018891
v -1.614015 3.197509 -1.154996
v -1.436842 3.425520 -1.317807
v -0.733215 3.873056 -0.552348
v -0.733215 3.873056 -1.307532
v -0.768695 3.740643 -0.739924
v -0.673301 3.449734 -1.371742
v -0.583096 3.113084 -1.786723
v -1.984097 2.879710 -0.546941
v -1.842630 2.969499 -0.832968
v -0.243587 3.027830 -1.847757
v -0.000000 2.962561 -1.847757
v 0.336650 2.866638 -1.786723
v 0.673301 3.449734 -1.371742
v 0.733215 3.873055 -1.307532
v 0.733215 3.873055 -0.842957
v 0.783476 3.685479 -0.657163
v 0.841034 3.470670 -0.697697
v 1.764061 3.144588 -0.274553
v 1.683625 2.905879 -0.049804
v 1.573748 2.818506 0.257208
v 1.292202 2.590894 0.646337
v 1.245357 2.576053 0.747291
v 1.197207 2.443287 0.795170
v 1.032153 2.371798 0.931574
v 0.917314 2.443287 1.112297
v 0.875789 2.576053 1.166022
v 0.781438 2.590894 1.225048
v 0.483712 2.776909 0.962278
v -0.069297 2.112793 1.128095
v -0.583096 3.113084 1.339942
v -0.929498 3.110396 0.484649
v -0.673301 3.449734 1.339942
v -0.733215 3.873055 1.275732
v -0.733215 3.873055 1.095451
v -0.785381 3.678370 0.902613
v -0.804099 3.608514 0.617091
v -0.978376 3.425520 0.553500
v 0.336650 2.866638 1.754923
v -0.000000 2.962560 1.815957
v -0.243587 3.027829 1.815957
v -0.583096 3.113084 1.754923
v 0.733215 3.026412 1.275732
v 0.583096 3.113083 1.339942
v 0.070475 2.145694 1.095195
v 0.068974 1.919969 1.219246
v 0.528566 1.990051 0.989633
v 0.516406 2.006476 0.889611
v 0.489658 1.965696 0.813943
v 0.528566 1.890028 1.031064
v 0.516406 1.807687 0.971952
v 0.489658 1.783018 0.889611
v 0.489658 1.997038 0.889611
v 0.489658 1.965696 0.965278
v 0.489658 1.890028 0.996621
v 0.489658 1.814361 0.965278
v -0.028267 1.860360 1.219319
v -0.028056 1.858750 1.220015
v 0.095880 1.882470 1.240828
v -0.027117 1.853467 1.217472
v -1.788443 3.080152 -1.039037
v -1.703944 3.226122 -1.158063
v -1.578649 3.425520 -1.204813
v -1.485721 3.740643 -1.248956
v -1.619260 3.971329 -1.060852
v -0.634942 3.971329 -0.362063
v -0.423322 4.182949 -0.349690
v -0.423322 4.182949 -1.307532
v -0.603984 4.002286 -0.198396
v -0.583096 3.786385 -1.371742
v -0.673301 3.449734 -1.786723
v -0.421904 3.206148 -1.847757
v -2.117636 3.110396 -0.358836
v -1.974620 3.030594 -0.647046
v -1.903871 3.026723 -0.876445
v 0.243587 3.027830 -1.847757
v -0.213020 3.080772 -1.939033
v -0.000000 3.023694 -1.939033
v 0.705678 2.870873 0.154111
v 0.583096 3.113084 -1.786723
v 0.673301 3.449734 -1.786723
v 0.583096 3.786384 -1.371742
v 1.064549 3.470670 -0.617702
v 0.423322 4.182949 -1.307532
v 0.423322 4.182949 -0.801557
v 0.697215 3.909056 -0.864550
v 0.794784 3.678370 -0.655139
v 1.793502 3.470670 -0.356816
v 1.760379 3.234730 -0.110041
v 1.702180 3.062011 0.052578
v 0.949466 2.905879 0.380120
v 1.622677 2.998791 0.274719
v 0.828360 2.880697 0.236955
v 1.319360 2.765639 0.739270
v 1.265007 2.702492 0.814533
v 1.257691 2.553859 0.804915
v 1.144953 2.425122 0.841518
v 0.956810 2.425122 1.054688
v 0.934499 2.553859 1.171101
v 0.944952 2.702492 1.177165
v 0.877025 2.765639 1.240448
v -0.673301 3.449734 1.339942
v -0.857551 3.593932 0.583935
v -0.697215 3.909056 1.117043
v -0.974730 3.678370 1.003672
v -1.123106 3.593932 0.725666
v -2.166515 3.425520 -0.289985
v 0.583096 3.113083 1.754923
v 0.243587 3.027829 1.815957
v -0.000000 3.023694 1.907232
v -0.213020 3.080772 1.907232
v -0.421904 3.206147 1.815957
v 0.628019 2.921215 1.020677
v 0.846644 3.449734 1.275732
v 0.673301 3.449734 1.339942
v 0.009332 2.118928 1.121960
v 0.516406 1.972369 0.971952
v 0.516406 1.890028 1.006059
v -0.028652 1.861228 1.219552
v -1.769481 3.193365 -1.065746
v -1.673016 3.425520 -1.201629
v -1.614015 3.653530 -1.154996
v -1.710639 3.820445 -1.018891
v -1.801679 4.055766 -0.803896
v -0.813862 4.055766 -0.102624
v -1.150189 3.909056 0.121438
v -1.380101 3.909056 0.244146
v -1.419858 4.224179 0.169655
v -0.269448 4.224179 -0.444337
v -1.103989 3.971329 0.077867
v -0.336650 4.032829 -1.371742
v -0.583096 3.786385 -1.786723
v -0.487173 3.449734 -1.847757
v -0.368961 3.236714 -1.939033
v -2.071244 3.197509 -0.510941
v -2.019299 3.080152 -0.713853
v -1.903871 3.097203 -0.876445
v 0.421904 3.206147 -1.847757
v 0.213020 3.080772 -1.939033
v -0.350745 3.449734 -1.939033
v -0.248014 3.201720 -1.939033
v 0.000000 3.098989 -1.939033
v -0.426040 3.449734 -1.939033
v -0.368961 3.662754 -1.939033
v -0.213020 3.818695 -1.939033
v 0.000000 3.875774 -1.939033
v 0.213020 3.818695 -1.939033
v 0.000000 3.800478 -1.939033
v -0.248014 3.697747 -1.939033
v 0.487173 3.449734 -1.847757
v 0.583096 3.786384 -1.786723
v 1.050353 3.627900 -0.578037
v 0.583096 3.786384 -1.371742
v 1.190844 3.909056 -1.128008
v 0.336651 4.032829 -1.371742
v 0.000000 4.296378 -1.307532
v 0.000000 4.296378 -0.566218
v 0.269448 4.224179 -0.731955
v 1.151087 4.224179 -1.202499
v 1.299462 3.678370 -0.924494
v 1.222357 3.593932 -0.526145
v 1.781682 3.470670 -0.169564
v 1.816272 3.264338 -0.035572
v 1.765375 3.113292 0.106641
v 1.463871 2.905879 0.564221
v 1.695849 3.058005 0.300907
v 1.543175 3.062011 0.496861
v 0.772238 2.876203 0.199057
v 1.003175 2.963187 0.460209
v 1.270811 2.893562 0.884834
v 1.229879 2.795051 0.919857
v 1.274876 2.664432 0.863719
v 1.229132 2.553859 0.837273
v 1.162446 2.419462 0.867131
v 1.055699 2.368999 0.952355
v 0.984399 2.419462 1.068864
v 0.963058 2.553859 1.138742
v 0.994983 2.664432 1.180846
v 1.045095 2.795051 1.129223
v 1.015429 2.893562 1.174189
v -0.673301 3.449734 1.754923
v -0.583096 3.786384 1.754923
v -0.583096 3.786384 1.339942
v -0.423322 4.182949 1.275732
v -0.866111 3.909056 1.207186
v -0.947792 3.622696 0.510419
v -1.122460 3.678370 0.368125
v -1.162764 3.740643 0.319048
v -2.117636 3.740642 -0.358836
v -2.106611 3.425520 -0.461123
v 0.673301 3.449734 1.754923
v 0.421904 3.206147 1.815957
v 0.213020 3.080772 1.907232
v -0.350745 3.449733 1.907232
v -0.248014 3.697747 1.907232
v 0.000000 3.800478 1.907232
v 0.213020 3.818695 1.907232
v 0.000000 3.875774 1.907232
v -0.213020 3.818695 1.907232
v -0.368961 3.662754 1.907232
v -0.426040 3.449734 1.907232
v -0.368961 3.236714 1.907232
v 0.000000 3.098989 1.907232
v -0.248014 3.201720 1.907232
v -0.487173 3.449734 1.815957
v 0.733215 3.026412 0.963315
v 0.846644 3.449734 0.683698
v 0.743193 3.063651 0.933917
v 0.774610 3.180899 0.704268
v 0.777068 3.190074 0.584901
v 0.583096 3.786384 1.339942
v -1.713816 3.425520 -1.144158
v -1.703945 3.624918 -1.158062
v -1.788444 3.770888 -1.039037
v -1.842630 3.881540 -0.832968
v -1.984097 3.971329 -0.546941
v -1.156661 3.822385 0.223134
v -1.152079 3.883741 0.151142
v -1.151140 3.896314 0.136389
v -1.353363 3.996168 0.400905
v -1.382130 4.224179 0.347006
v -1.380101 4.539302 0.244147
v -0.094629 4.539302 -0.441931
v -0.129660 4.261636 -0.507568
v -0.336650 4.032829 -1.371742
v -0.336650 4.032829 -1.786723
v -0.421904 3.693321 -1.847757
v -2.103797 3.226121 -0.594827
v 0.368961 3.236714 -1.939033
v 0.248014 3.201720 -1.939033
v 0.350745 3.449734 -1.939033
v 0.248014 3.697748 -1.939033
v 0.368961 3.662754 -1.939033
v 0.426040 3.449734 -1.939033
v -0.234706 3.684440 -1.990718
v -0.331925 3.449734 -1.990719
v -0.234706 3.215027 -1.990719
v 0.000000 3.117809 -1.990719
v -0.243586 3.871639 -1.847757
v 0.000000 3.936907 -1.847757
v 0.243587 3.871639 -1.847757
v 0.000000 3.781659 -1.990718
v 0.421904 3.693320 -1.847757
v 0.336651 4.032829 -1.786723
v 0.000000 4.123034 -1.371742
v 1.190844 4.539302 -1.128008
v 1.595856 3.678331 -0.368454
v 1.764061 3.796752 -0.274553
v 1.760379 3.706610 -0.110041
v 1.834901 3.470670 -0.087625
v 1.776796 3.230442 0.074728
v 0.942608 3.083894 0.566736
v 1.695849 3.130936 0.300907
v 1.626322 3.113292 0.495173
v 1.484975 3.234730 0.659480
v 1.383436 3.144589 0.788969
v 1.159564 2.940385 1.044025
v 1.149386 2.828931 1.035042
v 1.244156 2.745377 0.955827
v 1.242108 2.541292 0.863114
v 1.164644 2.432051 0.896026
v 1.073933 2.389168 0.968448
v 0.990311 2.541291 1.148408
v 1.013343 2.432051 1.067455
v 1.082559 2.745377 1.138920
v -0.421904 3.693320 1.815957
v -0.336650 4.032829 1.754923
v -0.336650 4.032829 1.339942
v -0.583096 3.786384 1.339942
v -0.423322 4.182949 1.054050
v -0.826354 4.224179 1.281678
v -0.981461 3.996168 1.097721
v -1.060053 3.829254 0.950467
v -1.167412 3.768159 0.749313
v -1.271482 3.678370 0.447660
v -2.071244 3.653530 -0.510941
v -2.134726 3.425520 -0.551261
v 0.583096 3.786384 1.754923
v 0.487173 3.449734 1.815957
v 0.368961 3.236713 1.907232
v 0.426040 3.449734 1.907232
v 0.368961 3.662753 1.907232
v 0.248014 3.697747 1.907232
v 0.350745 3.449733 1.907232
v 0.248014 3.201720 1.907232
v -0.234706 3.215027 1.958918
v -0.331925 3.449733 1.958918
v -0.234706 3.684440 1.958918
v 0.000000 3.781658 1.958918
v 0.000000 3.936907 1.815957
v 0.243587 3.871638 1.815957
v -0.243586 3.871638 1.815957
v 0.000000 3.117809 1.958918
v 0.857661 3.144589 0.600799
v 1.353994 3.470670 0.871233
v 0.841034 3.470670 0.687649
v 0.733215 3.873055 0.475218
v 0.733215 3.873055 1.275732
v 0.753660 3.796752 0.563578
v -1.811371 3.205822 -1.080209
v -1.758692 3.425520 -1.154413
v -1.938550 3.114820 -0.901064
v -1.769481 3.657674 -1.065747
v -1.903871 3.824316 -0.876445
v -1.974620 3.820445 -0.647046
v -1.274771 3.829254 0.548159
v -1.396287 4.024781 0.479988
v -1.421444 4.224179 0.432853
v -1.353363 4.452189 0.400905
v 0.013990 4.769988 -0.238416
v -1.271483 4.769988 0.447661
v 0.000000 4.123034 -1.786723
v -2.038260 3.193365 -0.687143
v 0.234706 3.215027 -1.990719
v 0.331925 3.449734 -1.990719
v 0.234706 3.684440 -1.990718
v -0.199449 3.649182 -2.014214
v -0.282063 3.449734 -2.014214
v -0.199449 3.250285 -2.014214
v 0.000000 3.167671 -2.014214
v 0.000000 3.731797 -2.014214
v 1.447839 3.593932 -0.646488
v 1.306193 3.996169 -1.018543
v 1.384786 3.829254 -0.871288
v 1.277427 4.224179 -1.072442
v 1.299463 4.769988 -0.924493
v 1.306193 4.452189 -1.018543
v 1.596026 3.678370 -0.368382
v 1.596215 3.678370 -0.368482
v 1.683626 4.035461 -0.049804
v 1.702180 3.879330 0.052578
v 1.816272 3.677003 -0.035572
v 1.810326 3.470670 -0.018959
v 1.575426 3.264338 0.637386
v 1.463672 3.470670 0.719003
v 0.931845 3.105343 0.585666
v 1.173763 2.775004 1.056557
v 1.235380 2.682596 0.921327
v 1.248021 2.663121 0.942658
v 1.232340 2.535579 0.892613
v 1.148555 2.456065 0.908781
v 1.073879 2.420763 0.968400
v 1.047237 2.682596 1.134498
v 1.069973 2.663121 1.144391
v 1.018368 2.535579 1.135049
v 1.024000 2.456065 1.049905
v 0.000000 4.123034 1.754923
v 0.000000 4.123034 1.339942
v 0.000000 4.296377 1.275732
v 0.000000 4.296377 0.818711
v -0.269449 4.224179 0.984448
v -0.952694 4.224179 1.151620
v -1.071054 4.024780 1.089364
v -1.139784 3.878811 0.960588
v -1.233670 3.825382 0.784676
v -2.103797 3.624918 -0.594827
v -2.093926 3.425520 -0.608732
v 0.336651 4.032829 1.339942
v 0.421904 3.693320 1.815957
v 0.234706 3.215027 1.958918
v 0.234706 3.684440 1.958918
v 0.331925 3.449733 1.958918
v -0.199449 3.250285 1.982413
v -0.282063 3.449733 1.982413
v -0.199449 3.649182 1.982413
v 0.000000 3.731797 1.982413
v 0.336651 4.032829 1.754923
v 0.000000 3.167671 1.982413
v 1.383436 3.796752 0.788969
v 0.833335 4.035461 0.338557
v 0.423322 4.182949 0.602183
v 0.423322 4.182949 1.275732
v 0.693557 3.912714 0.418903
v 0.674497 3.931773 0.391839
v 0.450489 4.155782 0.579432
v 0.583096 3.786384 1.339942
v -1.811371 3.645218 -1.080209
v -1.846240 3.238825 -1.064489
v -1.801475 3.425520 -1.127546
v -2.065728 3.205822 -0.721920
v -1.954314 3.161493 -0.912255
v -1.903871 3.753835 -0.876445
v -2.019299 3.770887 -0.713853
v -1.327557 3.878811 0.608764
v -1.388258 4.224178 0.495032
v -1.396287 4.423577 0.479988
v -1.274771 4.619104 0.548160
v 0.162366 4.854425 0.039589
v -1.123106 4.854425 0.725666
v 0.199449 3.250285 -2.014214
v 0.282063 3.449734 -2.014214
v 0.199448 3.649182 -2.014214
v -0.164191 3.613925 -1.990718
v -0.232201 3.449734 -1.990719
v -0.164191 3.285543 -1.990719
v 0.000000 3.217533 -1.990719
v 0.000000 3.681935 -1.990718
v 1.492145 3.768159 -0.670135
v 1.395786 4.024781 -1.010186
v 1.464516 3.878811 -0.881410
v 1.370629 4.224179 -1.057321
v 1.447839 4.854425 -0.646488
v 1.384786 4.619104 -0.871288
v 1.395786 4.423577 -1.010186
v 1.596005 3.678365 -0.368391
v 1.599503 3.829254 -0.468981
v 1.596399 3.678761 -0.368137
v 1.706500 3.922264 -0.161846
v 1.573749 4.122834 0.257208
v 1.622677 3.942550 0.274719
v 1.765375 3.828049 0.106641
v 1.845618 3.470670 0.013033
v 1.813887 3.243331 0.101693
v 1.737283 3.149165 0.315736
v 1.614901 3.230442 0.527086
v 1.556797 3.470670 0.689439
v 1.484975 3.706610 0.659480
v 1.160036 2.735921 1.044442
v 1.176720 2.713585 1.059167
v 1.237364 2.639107 0.960208
v 1.204283 2.541292 0.905971
v 1.125818 2.475540 0.898888
v 1.057195 2.443099 0.953675
v 1.086063 2.639107 1.131636
v 1.028136 2.541291 1.105551
v 1.011359 2.475540 1.028574
v 0.336650 4.032829 1.339942
v 0.269449 4.224179 0.696830
v 0.459118 4.224179 0.595600
v 0.419361 4.539302 0.521109
v -0.866111 4.539301 1.207186
v -0.981461 4.452189 1.097721
v -1.045897 4.224179 1.136500
v -1.124360 3.992024 0.989486
v -1.233670 3.895863 0.784676
v 0.199449 3.250285 1.982413
v 0.199448 3.649182 1.982413
v 0.282063 3.449733 1.982413
v -0.164191 3.285543 1.958918
v -0.232201 3.449733 1.958918
v -0.164191 3.613924 1.958918
v 0.000000 3.681935 1.958918
v 0.000000 3.217533 1.958918
v 1.463872 4.035461 0.564221
v 0.707165 3.953099 0.380880
v 1.744591 4.224179 -0.090477
v 1.251539 4.122834 0.141892
v 1.610216 4.035461 -0.076077
v -1.938550 3.736219 -0.901064
v -1.846240 3.612214 -1.064489
v -1.849581 3.271828 -1.026386
v -1.812729 3.425520 -1.078296
v -2.118407 3.425520 -0.647715
v -2.062388 3.238825 -0.760022
v -1.938550 3.208167 -0.901064
v -2.038260 3.657674 -0.687143
v -1.342981 3.992024 0.579867
v -1.327557 4.569547 0.608765
v -1.167412 4.680199 0.749313
v 0.310742 4.769988 0.317595
v -0.974730 4.769988 1.003672
v 0.164191 3.285543 -1.990719
v 0.232201 3.449734 -1.990719
v 0.164191 3.613925 -1.990718
v -0.213381 3.449734 -1.939033
v -0.150883 3.600617 -1.939033
v -0.150883 3.298850 -1.939033
v 0.000000 3.236352 -1.939033
v 0.000000 3.663115 -1.939033
v 1.558403 3.825382 -0.705498
v 1.449093 3.992024 -0.910307
v 1.403815 4.224179 -0.995142
v 1.596215 4.769988 -0.368482
v 1.492145 4.680200 -0.670135
v 1.464516 4.569547 -0.881409
v 1.635570 3.796752 -0.320539
v 1.652290 3.878811 -0.529586
v 1.703551 3.913236 -0.172490
v 1.543175 3.879330 0.496861
v 1.695849 3.883335 0.300907
v 1.776796 3.710898 0.074728
v 1.813887 3.698009 0.101693
v 1.848179 3.470670 0.065246
v 1.821215 3.277483 0.140587
v 1.660679 3.243332 0.529779
v 1.756118 3.197462 0.322477
v 1.581372 3.470670 0.620772
v 1.575426 3.677003 0.637386
v 1.176774 2.681990 1.059215
v 1.208419 2.626518 0.961617
v 1.177030 2.553859 0.896306
v 1.083865 2.626518 1.102741
v 1.015160 2.553859 1.079710
v 1.704834 4.539302 -0.164968
v -1.060053 4.619104 0.950467
v -1.071054 4.423577 1.089364
v -1.079082 4.224178 1.074321
v 0.164191 3.285543 1.958918
v 0.164191 3.613924 1.958918
v 0.232201 3.449733 1.958918
v -0.150883 3.298850 1.907232
v -0.213381 3.449733 1.907232
v -0.150883 3.600617 1.907232
v 0.000000 3.663115 1.907232
v 0.000000 3.236352 1.907232
v 1.706862 4.224179 -0.267828
v -2.065728 3.645218 -0.721920
v -1.954314 3.689546 -0.912255
v -1.849581 3.579211 -1.026386
v -1.822113 3.284285 -0.991610
v -1.788248 3.425520 -1.039313
v -2.107153 3.425520 -0.696965
v -2.027519 3.271828 -0.775742
v -1.903871 3.225783 -0.876445
v -1.374635 4.004481 0.610881
v -1.417483 4.224178 0.530598
v -1.342981 4.456333 0.579867
v -1.233670 4.622975 0.784676
v 0.150883 3.298850 -1.939033
v 0.213381 3.449734 -1.939033
v 0.150883 3.600617 -1.939033
v 1.558403 3.895863 -0.705498
v 1.599503 4.619104 -0.468981
v 1.558403 4.622975 -0.705498
v 1.449093 4.456334 -0.910307
v 1.678095 3.996168 -0.321726
v 1.721020 4.024781 -0.400810
v 1.626323 3.828049 0.495173
v 1.695849 3.810404 0.300907
v 1.737283 3.792175 0.315736
v 1.821215 3.663858 0.140587
v 1.813069 3.470670 0.103978
v 1.790872 3.311634 0.166000
v 1.628949 3.470670 0.618439
v 1.691022 3.277483 0.504366
v 1.737283 3.245759 0.315736
v 1.158540 2.661821 1.043122
v 1.180831 2.632178 0.947442
v 1.066371 2.632178 1.077128
v 1.678095 4.452189 -0.321726
v -1.139784 4.569547 0.960588
v -1.124897 4.224178 1.078804
v -1.167745 4.004481 0.998521
v -1.271190 3.913479 0.804701
v 0.150883 3.298850 1.907232
v 0.150883 3.600617 1.907232
v 0.213381 3.449733 1.907232
v -2.062388 3.612214 -0.760022
v -1.938550 3.642872 -0.901064
v -1.822113 3.566754 -0.991610
v -2.064371 3.425520 -0.723832
v -1.985629 3.284285 -0.761280
v -1.374635 4.443877 0.610881
v -1.376151 4.037484 0.649099
v -1.412563 4.224178 0.580877
v -1.233670 4.552495 0.784676
v 1.449629 4.224179 -0.999626
v 1.492478 4.004481 -0.919343
v 1.595923 3.913479 -0.725523
v 1.652290 4.569547 -0.529586
v 1.558403 4.552495 -0.705498
v 1.492477 4.443877 -0.919343
v 1.746177 4.224179 -0.353675
v 1.667713 3.992024 -0.500688
v 1.614901 3.710898 0.527086
v 1.660679 3.698008 0.529779
v 1.756118 3.743878 0.322477
v 1.790872 3.629707 0.166000
v 1.765493 3.470670 0.106311
v 1.745094 3.324523 0.163307
v 1.664058 3.470670 0.579707
v 1.683694 3.311634 0.465472
v 1.695849 3.263988 0.300907
v 1.134995 2.664619 1.022341
v 1.721020 4.423577 -0.400810
v -1.124360 4.456334 0.989486
v -1.167745 4.443877 0.998521
v -1.163929 4.224178 1.046731
v -1.200340 4.037484 0.978508
v -1.288246 3.960153 0.813804
v -2.027518 3.579211 -0.775742
v -1.903871 3.625256 -0.876445
v -2.019494 3.425520 -0.713577
v -1.271190 4.534878 0.804701
v -1.376151 4.410873 0.649099
v -1.343556 4.070487 0.669112
v -1.373531 4.224178 0.612950
v 1.488661 4.224179 -0.967553
v 1.525073 4.037485 -0.899330
v 1.612978 3.960153 -0.734625
v 1.699368 4.004481 -0.531702
v 1.595922 4.534879 -0.725522
v 1.525073 4.410873 -0.899330
v 1.712991 4.224179 -0.415853
v 1.691022 3.663857 0.504366
v 1.737283 3.695581 0.315736
v 1.745094 3.616817 0.163307
v 1.661497 3.470670 0.527494
v 1.646603 3.324523 0.438507
v -1.200340 4.410873 0.978508
v -1.168850 4.224178 0.996452
v -1.198824 4.070487 0.940290
v -1.271190 4.006826 0.804701
v -1.985629 3.566755 -0.761280
v -1.288246 4.488205 0.813804
v -1.343556 4.377870 0.669112
v -1.300171 4.082944 0.660077
v -1.327717 4.224178 0.608466
v 1.493582 4.224179 -0.917274
v 1.523557 4.070487 -0.861111
v 1.700884 4.037484 -0.569921
v 1.595923 4.006826 -0.725523
v 1.742216 4.224179 -0.451419
v 1.667713 4.456334 -0.500688
v 1.699367 4.443877 -0.531702
v 1.612978 4.488205 -0.734625
v 1.523557 4.377870 -0.861111
v 1.683694 3.629707 0.465472
v 1.695849 3.677353 0.300907
v 1.626205 3.470670 0.495502
v -1.198824 4.377870 0.940289
v -1.139624 4.224178 0.960886
v -1.167170 4.082944 0.909275
v -1.233670 4.024442 0.784676
v -1.271190 4.441531 0.804701
v -1.300171 4.365413 0.660077
v 1.491902 4.082944 -0.830097
v 1.464357 4.224179 -0.881708
v 1.737295 4.224179 -0.501698
v 1.668288 4.070487 -0.589934
v 1.558403 4.024443 -0.705498
v 1.700884 4.410874 -0.569921
v 1.595922 4.441532 -0.725523
v 1.491902 4.365414 -0.830097
v 1.646603 3.616817 0.438507
v -1.167170 4.365414 0.909275
v -1.233670 4.423915 0.784676
v 1.698263 4.224179 -0.533772
v 1.624903 4.082944 -0.580899
v 1.668288 4.377871 -0.589934
v 1.558403 4.423915 -0.705498
v 1.652449 4.224179 -0.529288
v 1.624903 4.365414 -0.580899
v 0.636177 1.370581 -0.319307
v 0.725488 1.370581 -0.193563
v 0.617916 1.405935 -0.117159
v 0.528605 1.405935 -0.242903
v 0.315638 1.405935 -0.542745
v 0.423209 1.370581 -0.619149
v 0.833060 1.405935 -0.269968
v 0.739783 1.443530 -0.173438
v 0.661948 1.469111 -0.118154
v 0.539168 1.502525 -0.061227
v 0.449857 1.502525 -0.186971
v 0.530781 1.405935 -0.695554
v 0.236890 1.502525 -0.486813
v 0.331080 1.469111 -0.583992
v 0.408915 1.443530 -0.639276
v 0.822497 1.502525 -0.451643
v 0.911808 1.502525 -0.325900
v 0.817618 1.469111 -0.228721
v 0.604969 1.539000 -0.077684
v 0.761160 1.467491 -0.143340
v 0.693093 1.489861 -0.094994
v 0.510345 1.634470 -0.040755
v 0.421033 1.634470 -0.166498
v 0.486749 1.469111 -0.694559
v 0.609529 1.502525 -0.751486
v 0.208066 1.634470 -0.466341
v 0.274101 1.539000 -0.543522
v 0.319470 1.489861 -0.621028
v 0.387537 1.467491 -0.669373
v 0.940632 1.634470 -0.346372
v 0.874596 1.539000 -0.269191
v 0.829228 1.489861 -0.191686
v 0.584114 1.634470 -0.062871
v 0.643264 1.550980 -0.059602
v 0.761160 1.497001 -0.143340
v 0.539168 1.766414 -0.061227
v 0.455605 1.489861 -0.717719
v 0.543728 1.539000 -0.735029
v 0.638353 1.634470 -0.771958
v 0.236890 1.766414 -0.486813
v 0.253246 1.634470 -0.528709
v 0.269641 1.550980 -0.585636
v 0.387537 1.497001 -0.669373
v 0.911808 1.766414 -0.325900
v 0.895452 1.634470 -0.284004
v 0.879057 1.550980 -0.227077
v 0.604969 1.729939 -0.077684
v 0.625025 1.634470 -0.046648
v 0.681911 1.537265 -0.087052
v 0.617916 1.863004 -0.117159
v 0.505434 1.550980 -0.753111
v 0.564584 1.634470 -0.749842
v 0.609529 1.766414 -0.751486
v 0.315638 1.863004 -0.542745
v 0.274101 1.729939 -0.543522
v 0.251402 1.634470 -0.572682
v 0.308288 1.537265 -0.613085
v 0.833060 1.863004 -0.269968
v 0.874596 1.729939 -0.269191
v 0.897295 1.634470 -0.240031
v 0.840410 1.537265 -0.199628
v 0.661948 1.799828 -0.118154
v 0.643264 1.717959 -0.059602
v 0.649085 1.634470 -0.063736
v 0.773266 1.504377 -0.126296
v 0.698269 1.542480 -0.073029
v 0.725488 1.898358 -0.193563
v 0.466787 1.537265 -0.725661
v 0.523672 1.634470 -0.766065
v 0.543728 1.729939 -0.735029
v 0.530781 1.863004 -0.695554
v 0.423209 1.898358 -0.619150
v 0.331080 1.799828 -0.583992
v 0.269641 1.717959 -0.585636
v 0.275462 1.634470 -0.589770
v 0.300435 1.542480 -0.633149
v 0.375432 1.504377 -0.686417
v 0.817617 1.799828 -0.228721
v 0.879057 1.717959 -0.227077
v 0.873236 1.634470 -0.222943
v 0.848263 1.542480 -0.179564
v 0.739783 1.825409 -0.173438
v 0.693093 1.779078 -0.094994
v 0.667204 1.634470 -0.050964
v 0.778768 1.523920 -0.118549
v 0.715038 1.556299 -0.073283
v 0.450429 1.542480 -0.739684
v 0.499613 1.634470 -0.748977
v 0.505433 1.717959 -0.753111
v 0.486749 1.799828 -0.694559
v 0.408915 1.825409 -0.639276
v 0.319470 1.779078 -0.621028
v 0.269370 1.634470 -0.611085
v 0.306198 1.556299 -0.648898
v 0.369929 1.523920 -0.694164
v 0.829228 1.779078 -0.191686
v 0.879327 1.634470 -0.201628
v 0.842499 1.556299 -0.163815
v 0.761160 1.801449 -0.143340
v 0.681911 1.731674 -0.087052
v 0.688639 1.634470 -0.054533
v 0.698269 1.726459 -0.073029
v 0.773266 1.543463 -0.126296
v 0.720801 1.570118 -0.089032
v 0.481494 1.634470 -0.761749
v 0.433660 1.556299 -0.739430
v 0.455605 1.779078 -0.717719
v 0.387537 1.801449 -0.669373
v 0.308288 1.731674 -0.613086
v 0.300435 1.726459 -0.633149
v 0.279800 1.634470 -0.630149
v 0.322967 1.570118 -0.649153
v 0.375432 1.543462 -0.686417
v 0.840410 1.731674 -0.199628
v 0.848263 1.726459 -0.179564
v 0.868897 1.634470 -0.182564
v 0.825730 1.570118 -0.163560
v 0.761160 1.771938 -0.143340
v 0.715038 1.712640 -0.073283
v 0.699069 1.634470 -0.073597
v 0.773266 1.764562 -0.126296
v 0.712948 1.575333 -0.109096
v 0.761160 1.550838 -0.143340
v 0.466787 1.731674 -0.725661
v 0.450429 1.726459 -0.739684
v 0.460058 1.634470 -0.758180
v 0.427897 1.570118 -0.723680
v 0.387537 1.771938 -0.669373
v 0.375432 1.764562 -0.686417
v 0.306198 1.712640 -0.648898
v 0.301236 1.634470 -0.633718
v 0.339325 1.575333 -0.635130
v 0.387537 1.550838 -0.669373
v 0.842499 1.712640 -0.163815
v 0.847462 1.634470 -0.178995
v 0.809373 1.575333 -0.177583
v 0.778768 1.745019 -0.118549
v 0.720801 1.698821 -0.089033
v 0.692977 1.634470 -0.094912
v 0.829343 1.634470 -0.191768
v 0.433660 1.712640 -0.739430
v 0.449628 1.634470 -0.739116
v 0.435750 1.575333 -0.703617
v 0.369929 1.745019 -0.694164
v 0.322967 1.698821 -0.649153
v 0.319354 1.634470 -0.620946
v 0.825730 1.698821 -0.163560
v 0.773266 1.725477 -0.126296
v 0.712948 1.693606 -0.109096
v 0.427897 1.698821 -0.723680
v 0.455720 1.634470 -0.717801
v 0.375432 1.725477 -0.686417
v 0.339325 1.693606 -0.635130
v 0.387537 1.718101 -0.669373
v 0.809373 1.693606 -0.177583
v 0.761160 1.718101 -0.143340
v 0.435750 1.693606 -0.703617
vn 0.3985 -0.6974 -0.5956
vn -0.0000 -0.7073 -0.7069
vn -0.0000 0.1094 -0.9940
vn 0.5223 0.1115 -0.8454
vn 0.6823 -0.6715 -0.2890
vn 0.7581 -0.6392 0.1293
vn 0.5892 -0.6110 0.5287
vn 0.2219 -0.5949 0.7726
vn -0.2219 -0.5949 0.7726
vn -0.5892 -0.6110 0.5287
vn -0.7581 -0.6392 0.1293
vn -0.6823 -0.6715 -0.2890
vn -0.3985 -0.6974 -0.5956
vn -0.5223 0.1115 -0.8454
vn 0.2534 0.2191 -0.9422
vn 0.8904 0.1094 -0.4418
vn 0.9912 0.0835 0.1029
vn 0.7781 0.0231 0.6278
vn 0.2959 -0.0387 0.9544
vn -0.2959 -0.0387 0.9544
vn -0.7781 0.0231 0.6278
vn -0.9912 0.0835 0.1029
vn -0.8904 0.1094 -0.4418
vn 0.0183 0.4635 -0.8859
vn 0.2730 -0.2297 0.9342
vn -0.2730 -0.2297 0.9342
vn -0.5069 0.4141 -0.7560
vn -0.1539 0.4654 -0.8716
vn 0.9572 -0.1113 -0.2673
vn 0.9818 0.0721 0.1756
vn 0.7472 -0.1110 0.6553
vn -0.7472 -0.1110 0.6553
vn 0.2674 -0.2287 0.9361
vn -0.2696 -0.2269 0.9359
vn -0.9843 0.0822 0.1562
vn -0.8829 0.2769 -0.3793
vn 0.0202 0.5330 -0.8459
vn -0.7912 0.5188 -0.3238
vn -0.7966 0.5913 -0.1256
vn -0.6901 -0.2259 -0.6875
vn 0.6345 -0.2951 -0.7144
vn -0.7502 -0.1441 0.6453
vn -0.5631 -0.5906 0.5780
vn 0.5324 -0.5996 0.5976
vn -0.5076 0.4629 -0.7267
vn 0.0270 0.7043 -0.7094
vn -0.5681 0.1227 -0.8138
vn -0.4991 0.6893 -0.5251
vn -0.6804 0.6549 -0.3288
vn -0.5671 -0.8018 0.1883
vn -0.3365 -0.9404 0.0492
vn -0.5399 -0.8237 0.1733
vn -0.6799 -0.7333 0.0068
vn 0.5073 -0.6511 0.5646
vn 0.9442 -0.0283 0.3280
vn 0.9847 0.0382 0.1699
vn 0.7517 -0.1461 0.6431
vn -0.9871 0.0468 0.1531
vn -0.5398 -0.2711 -0.7970
vn -0.0000 -0.5000 -0.8660
vn 0.7330 -0.6522 -0.1934
vn -0.8874 0.2785 -0.3674
vn -0.0000 0.2360 -0.9718
vn 0.5614 0.2092 -0.8007
vn -0.5254 0.6600 -0.5369
vn 0.0368 -0.1364 0.9900
vn -0.1342 0.1977 0.9710
vn 0.2584 0.6753 0.6908
vn 0.5824 0.5394 0.6081
vn 0.6912 0.1055 0.7149
vn 0.9777 0.0819 0.1932
vn 0.7362 0.0395 0.6756
vn -0.7392 0.0323 0.6728
vn -0.9777 0.0819 0.1932
vn -0.9648 0.0763 -0.2515
vn 0.5407 -0.2948 -0.7879
vn -0.0000 -0.0000 -1.0000
vn -0.5413 -0.4204 -0.7282
vn -0.5413 -0.0000 -0.8409
vn -0.5614 0.2092 -0.8007
vn 0.2913 0.9164 -0.2745
vn -0.3864 0.7724 -0.5041
vn -0.5194 -0.0174 -0.8544
vn 0.1243 0.4071 -0.9049
vn -0.0169 0.6054 -0.7957
vn -0.3405 0.7378 -0.5828
vn 0.8707 0.4909 0.0278
vn 0.3552 0.5957 0.7204
vn 0.2752 0.8760 0.3961
vn 0.9772 0.0731 -0.1992
vn 0.7478 0.2338 0.6214
vn -0.9223 0.1456 -0.3581
vn -0.9824 0.1354 0.1283
vn 0.5413 -0.0000 -0.8409
vn 0.5413 -0.4204 -0.7282
vn -0.0000 -0.8660 -0.5000
vn -0.5413 -0.7282 -0.4204
vn -0.0000 -0.1138 -0.9935
vn 0.5385 -0.0778 -0.8390
vn -0.0546 0.3909 -0.9188
vn 0.6377 0.5904 0.4947
vn 0.7348 0.1484 0.6619
vn 0.4338 0.7111 0.5534
vn 0.6480 0.7613 -0.0219
vn 0.5448 0.8253 0.1487
vn 0.5112 0.6991 -0.4999
vn 0.9223 0.1456 -0.3581
vn 0.9823 0.1351 0.1297
vn 0.8817 0.1701 0.4401
vn -0.9070 0.0169 -0.4208
vn -0.5152 0.6670 -0.5381
vn -0.7543 0.2346 0.6132
vn -0.5413 0.4204 -0.7282
vn -0.0000 0.5000 -0.8660
vn 0.5413 0.4204 -0.7282
vn 0.8165 -0.0000 -0.5774
vn 0.8165 -0.2887 -0.5000
vn 0.5413 -0.7282 -0.4204
vn -0.0000 -1.0000 -0.0000
vn -0.5413 -0.8409 -0.0000
vn -0.8165 -0.5000 -0.2887
vn -0.8165 -0.2887 -0.5000
vn -0.8165 -0.0000 -0.5774
vn -0.5385 -0.0778 -0.8390
vn 0.9070 0.0169 -0.4208
vn -0.1101 0.9920 -0.0611
vn -0.0489 0.5517 -0.8326
vn -0.6123 0.0361 -0.7898
vn -0.0423 0.2527 -0.9666
vn 0.1376 0.2788 -0.9504
vn 0.8375 -0.2266 0.4972
vn 0.1854 -0.5258 0.8302
vn 0.7591 0.5790 0.2974
vn 0.3155 0.7761 -0.5460
vn 0.4829 -0.4879 0.7272
vn 0.4986 -0.7856 0.3664
vn 0.5432 0.5663 0.6198
vn -0.5631 0.8130 0.1482
vn -0.8852 0.1593 0.4370
vn -0.7711 -0.4566 0.4437
vn -0.9053 0.0159 -0.4246
vn -0.8165 0.2887 -0.5000
vn -0.0000 0.8660 -0.5000
vn 0.5413 0.7282 -0.4204
vn 0.8165 0.2887 -0.5000
vn 0.8165 -0.5000 -0.2887
vn 0.8455 -0.0000 -0.5340
vn 0.8455 -0.2670 -0.4625
vn 0.5413 -0.8409 -0.0000
vn -0.0000 -0.8660 0.5000
vn -0.5413 -0.7282 0.4204
vn -0.8165 -0.5774 -0.0000
vn -0.8455 -0.4625 -0.2670
vn -0.8455 -0.2670 -0.4625
vn -0.8455 -0.0000 -0.5340
vn -0.0001 -0.1227 -0.9924
vn 0.5378 -0.0854 -0.8387
vn 0.9053 0.0145 -0.4246
vn 0.0241 0.4013 -0.9156
vn 0.7971 -0.4617 -0.3893
vn 0.7804 -0.1122 0.6152
vn 0.9583 0.0744 -0.2759
vn 0.5550 0.1341 -0.8210
vn 0.7501 0.6606 -0.0322
vn -0.1669 -0.9859 0.0143
vn 0.2058 -0.7131 0.6701
vn 0.5937 -0.5220 0.6124
vn 0.4739 -0.8797 -0.0399
vn 0.4450 -0.4506 0.7739
vn 0.9865 0.1338 0.0941
vn -0.5379 -0.0849 -0.8387
vn -0.5413 0.7282 -0.4204
vn -0.8049 0.3760 -0.4590
vn -0.5599 0.5604 0.6103
vn -0.9822 0.1463 0.1177
vn -0.5979 -0.5241 0.6065
vn -0.8455 0.2670 -0.4625
vn -0.8165 0.5000 -0.2887
vn -0.0000 1.0000 -0.0000
vn 0.5413 0.8409 -0.0000
vn 0.8165 0.5000 -0.2887
vn 0.8455 0.2670 -0.4625
vn 0.8165 -0.5774 -0.0000
vn 0.8455 -0.4625 -0.2670
vn 0.7885 -0.0000 -0.6150
vn 0.5413 -0.7282 0.4204
vn -0.8164 -0.0592 -0.5744
vn -0.8165 -0.5000 0.2887
vn -0.8455 -0.5340 -0.0000
vn -0.7885 -0.0000 -0.6150
vn -0.7885 0.4349 -0.4349
vn -0.8565 0.5162 -0.0000
vn -0.8455 0.4625 0.2670
vn -0.8455 0.5340 -0.0000
vn -0.8455 0.4625 -0.2670
vn -0.8851 -0.4654 -0.0000
vn -0.7885 -0.4349 -0.4349
vn 0.9828 0.1445 0.1148
vn 0.1396 0.1355 -0.9809
vn 0.1692 -0.0529 -0.9842
vn 0.1848 0.2122 -0.9596
vn 0.6256 -0.0014 0.7802
vn 0.5952 0.2066 0.7765
vn 0.9084 0.3638 0.2059
vn 0.6751 -0.1257 0.7270
vn 0.0606 -0.1898 0.9800
vn 0.7064 0.6208 -0.3400
vn -0.0000 -0.7034 0.7108
vn 0.4871 0.8696 0.0809
vn -0.7476 0.6631 -0.0358
vn -0.6092 0.7908 0.0591
vn -0.8019 -0.5336 0.2686
vn -0.4577 -0.4428 0.7710
vn -0.8111 -0.5756 -0.1037
vn -0.8662 -0.4975 0.0467
vn -0.6403 -0.6446 -0.4177
vn -0.8165 0.5774 -0.0000
vn -0.5413 0.8409 -0.0000
vn 0.7813 0.6162 -0.0993
vn -0.0000 0.8660 0.5000
vn 0.5413 0.7282 0.4204
vn 0.8165 0.5774 -0.0000
vn 0.8455 0.4625 -0.2670
vn 0.8165 -0.5000 0.2887
vn 0.8455 -0.5340 -0.0000
vn 0.7885 -0.4349 -0.4349
vn 0.5413 -0.4204 0.7282
vn -0.0000 -0.5000 0.8660
vn 0.9782 -0.2003 -0.0545
vn -0.5413 -0.4204 0.7282
vn -0.8165 -0.2887 0.5000
vn -0.8455 -0.4625 0.2670
vn -0.6228 -0.5532 -0.5532
vn -0.6228 -0.0000 -0.7823
vn -0.6228 0.5532 -0.5532
vn -0.6228 0.7823 -0.0000
vn -0.8455 -0.2670 0.4625
vn -0.8455 -0.0000 0.5340
vn -0.8455 0.2670 0.4625
vn -0.7885 0.4349 0.4349
vn -0.7885 -0.0000 0.6150
vn -0.7885 -0.4349 0.4349
vn -0.8165 0.5000 0.2887
vn -0.6228 -0.7823 -0.0000
vn -0.3489 -0.7065 -0.6157
vn -0.5291 -0.6385 -0.5588
vn 0.3490 -0.7066 -0.6156
vn 0.3485 -0.7069 -0.6156
vn 0.6399 -0.6454 -0.4172
vn 0.6462 -0.6764 -0.3534
vn 0.1923 -0.0709 -0.9788
vn 0.5858 -0.7772 0.2299
vn 0.9785 0.0072 0.2061
vn 0.9755 -0.1968 0.0985
vn 0.9161 -0.3562 0.1841
vn 0.9146 -0.3570 0.1900
vn 0.7872 -0.1175 0.6054
vn 0.7799 -0.5289 -0.3346
vn 0.4145 -0.5293 -0.7402
vn -0.1607 -0.3936 -0.9051
vn 0.1031 -0.9905 0.0910
vn 0.7517 -0.6544 -0.0813
vn 0.9483 0.2038 0.2434
vn -0.7173 0.5982 -0.3574
vn -0.9973 0.0044 0.0729
vn -0.5000 -0.8660 -0.0000
vn -0.8129 -0.5179 0.2663
vn -0.4237 -0.7339 0.5309
vn -0.7637 -0.5720 -0.2993
vn -0.6418 -0.6438 -0.4167
vn -0.8087 0.5776 -0.1114
vn -0.5413 0.7282 0.4204
vn 0.7804 0.6132 -0.1220
vn 0.7573 0.6038 0.2489
vn -0.0000 0.5000 0.8660
vn 0.5413 0.4204 0.7282
vn 0.8165 0.5000 0.2887
vn 0.8455 0.5340 -0.0000
vn 0.7885 0.4349 -0.4349
vn 0.8165 -0.2887 0.5000
vn 0.8455 -0.4625 0.2670
vn 0.8851 -0.4654 -0.0000
vn 0.6228 -0.0000 -0.7823
vn 0.6228 -0.5532 -0.5532
vn 0.5413 -0.0000 0.8409
vn -0.0000 -0.0000 1.0000
vn 0.2878 -0.7824 -0.5523
vn -0.7710 -0.5777 0.2681
vn -0.5413 -0.0000 0.8409
vn -0.8165 -0.0000 0.5774
vn -0.9941 -0.0765 -0.0765
vn -0.9941 -0.0000 -0.1081
vn -0.9941 0.0765 -0.0765
vn -0.6228 0.5532 0.5532
vn -0.9941 0.1081 -0.0000
vn -0.6228 -0.5532 0.5532
vn -0.8165 0.2887 0.5000
vn -0.6228 -0.0000 0.7823
vn -0.9941 -0.1081 -0.0000
vn -0.4237 -0.7339 -0.5309
vn -0.0000 -0.8474 -0.5309
vn -0.1142 -0.7461 -0.6559
vn 0.2612 -0.6680 -0.6968
vn 0.4237 -0.7339 -0.5309
vn 0.5000 -0.8660 -0.0000
vn 0.5274 -0.6393 -0.5596
vn 0.6416 -0.6441 -0.4164
vn 0.6420 -0.6024 -0.4744
vn 0.7620 -0.5737 -0.3005
vn -0.6951 -0.0305 -0.7183
vn 0.0476 -0.3994 -0.9155
vn 0.2133 -0.2593 -0.9420
vn 0.6116 0.1385 0.7790
vn 0.5638 0.0681 0.8231
vn 0.8472 -0.3936 0.3568
vn 0.8017 -0.5639 0.1982
vn 0.4163 -0.8888 -0.1919
vn -0.1387 -0.8888 0.4369
vn 0.7657 -0.5401 -0.3494
vn 0.1348 -0.9405 -0.3118
vn -0.2940 -0.9216 0.2534
vn 0.3603 0.6708 0.6483
vn -0.6701 0.4902 0.5574
vn -0.0000 -0.8474 0.5309
vn -0.7082 0.7010 0.0847
vn -0.8725 0.4544 0.1797
vn -0.5413 0.4204 0.7282
vn 0.6940 0.7174 0.0607
vn 0.6443 0.6457 0.4098
vn 0.9036 -0.0873 0.4194
vn 0.8165 0.2887 0.5000
vn 0.8455 0.4625 0.2670
vn 0.8565 0.5162 -0.0000
vn 0.6228 0.5532 -0.5532
vn 0.8165 -0.0000 0.5774
vn 0.8455 -0.2670 0.4625
vn 0.6228 -0.7823 -0.0000
vn 0.9941 -0.0000 -0.1081
vn 0.9941 -0.0765 -0.0765
vn 0.6707 -0.3737 0.6406
vn 0.9810 0.0413 0.1896
vn 0.6146 -0.1744 -0.7693
vn -0.3408 -0.1953 -0.9196
vn -0.7068 -0.4879 0.5122
vn -0.6880 -0.2629 0.6764
vn -0.7160 0.4937 0.4937
vn -0.7160 -0.0000 0.6981
vn -0.7160 -0.4937 0.4937
vn -0.9941 0.0765 0.0765
vn -0.7160 -0.6981 -0.0000
vn -0.9941 -0.0765 0.0765
vn -0.9941 -0.0000 0.1081
vn -0.7160 0.6981 -0.0000
vn -0.2757 -0.8880 -0.3681
vn -0.7339 -0.4237 -0.5309
vn -0.3138 -0.9420 -0.1188
vn -0.2725 -0.9463 -0.1740
vn -0.0000 -0.7846 -0.6201
vn -0.3923 -0.6794 -0.6201
vn 0.3677 -0.7468 -0.5541
vn 0.7339 -0.4237 -0.5309
vn 0.5888 -0.7233 -0.3607
vn 0.4565 -0.8567 -0.2403
vn 0.3838 -0.9228 -0.0327
vn 0.3442 -0.9291 0.1353
vn -0.3843 -0.8349 -0.3941
vn -0.6358 -0.6876 -0.3506
vn -0.0181 -0.3771 -0.9260
vn 0.9261 -0.2984 0.2308
vn 0.8301 -0.5018 0.2433
vn 0.4129 0.0296 0.9103
vn -0.1533 -0.2009 0.9675
vn 0.4245 -0.6087 0.6703
vn 0.5650 -0.8213 0.0790
vn -0.0507 -0.9634 -0.2631
vn 0.5905 -0.7944 0.1426
vn 0.3785 -0.8632 0.3341
vn 0.2149 -0.7944 0.5682
vn -0.2441 -0.6108 0.7532
vn -0.2062 -0.8709 0.4462
vn 0.9584 0.0081 0.2854
vn -0.9884 -0.1516 -0.0002
vn -0.7339 -0.4237 0.5309
vn -0.6533 -0.6942 0.3022
vn -0.5189 -0.8266 0.2179
vn -0.4060 -0.9125 0.0498
vn -0.3923 -0.6794 0.6201
vn -0.0000 -0.7846 0.6201
vn -0.7153 0.4921 0.4962
vn 0.6492 0.3883 0.6540
vn 0.8575 0.1197 0.5004
vn 0.8455 0.2670 0.4625
vn 0.6228 0.7823 -0.0000
vn 0.9941 0.0765 -0.0765
vn 0.8455 -0.0000 0.5340
vn 0.7885 -0.4349 0.4349
vn 0.9941 -0.1081 -0.0000
vn 0.6228 -0.5532 0.5532
vn 0.7160 -0.0000 0.6981
vn 0.7160 0.4937 0.4937
vn 0.7968 -0.5640 -0.2168
vn 0.2451 -0.6068 0.7561
vn -0.6450 -0.6100 -0.4603
vn -0.8276 -0.0214 0.5609
vn -0.7525 0.4657 0.4657
vn -0.7525 -0.0000 0.6586
vn -0.7525 -0.4657 0.4657
vn -0.7160 -0.4937 -0.4937
vn -0.7525 -0.6586 -0.0000
vn -0.7160 0.4937 -0.4937
vn -0.7160 -0.0000 -0.6981
vn -0.7525 0.6586 -0.0000
vn -0.2145 -0.7188 -0.6613
vn -0.0386 -0.4150 -0.9090
vn -0.3029 -0.7279 -0.6151
vn -0.6663 0.2804 -0.6909
vn -0.8474 -0.0000 -0.5309
vn -0.1777 -0.2804 -0.9433
vn -0.6794 -0.3923 -0.6201
vn -0.4548 -0.8300 -0.3228
vn -0.4193 -0.7263 -0.5447
vn -0.0000 -0.8386 -0.5447
vn 0.4499 -0.5512 -0.7027
vn 0.6082 -0.6535 -0.4506
vn 0.6794 -0.3923 -0.6201
vn 0.8474 -0.0000 -0.5309
vn 0.8290 -0.1813 -0.5291
vn 0.7290 -0.4641 -0.5031
vn 0.1685 -0.8660 -0.4708
vn 0.2918 -0.5000 -0.8154
vn 0.4341 -0.8417 -0.3210
vn -0.1652 -0.6456 -0.7456
vn -0.9138 -0.3206 0.2494
vn -0.7344 -0.6031 -0.3112
vn -0.1706 -0.8351 -0.5230
vn -0.4289 -0.5412 0.7232
vn -0.7040 -0.3094 0.6393
vn -0.3228 -0.9409 0.1027
vn 0.3959 -0.8329 -0.3867
vn 0.7170 -0.6108 -0.3358
vn 0.7940 -0.6062 0.0452
vn 0.6061 -0.7740 0.1832
vn 0.4091 -0.8380 0.3610
vn 0.2570 -0.7740 0.5786
vn 0.1435 -0.6062 0.7822
vn 0.3956 -0.0062 0.9184
vn 0.8891 -0.3726 -0.2659
vn -0.6314 -0.1496 0.7609
vn -0.7264 -0.4762 0.4956
vn -0.8474 -0.0000 0.5309
vn -0.8862 0.1742 0.4293
vn -0.8631 -0.1742 0.4741
vn -0.8104 -0.4202 0.4084
vn -0.2894 -0.8660 0.4077
vn -0.0000 -0.8386 0.5447
vn -0.4193 -0.7263 0.5447
vn 0.4237 -0.7339 0.5309
vn 0.3923 -0.6794 0.6201
vn -0.7304 0.2964 0.6153
vn 0.9334 0.3325 0.1352
vn 0.7885 0.4349 0.4349
vn 0.6228 0.5532 0.5532
vn 0.9941 0.1081 -0.0000
vn 0.7160 -0.4937 0.4937
vn 0.7885 -0.0000 0.6150
vn 0.9941 -0.0765 0.0765
vn 0.7160 0.6981 -0.0000
vn 0.6228 -0.0000 0.7823
vn 0.7525 0.4657 0.4657
vn 0.7525 -0.0000 0.6586
vn 0.3951 0.8578 0.3288
vn 0.4487 -0.8415 0.3009
vn -0.4214 -0.8930 0.1579
vn -0.9823 -0.1784 -0.0565
vn -0.8289 -0.2173 0.5154
vn -0.7525 0.4657 -0.4657
vn -0.7525 -0.0000 -0.6586
vn -0.7525 -0.4657 -0.4657
vn -0.5403 -0.4565 -0.7068
vn -0.4287 -0.2636 -0.8642
vn 0.0257 -0.0000 -0.9997
vn -0.2757 0.8880 -0.3681
vn -0.7339 0.4237 -0.5309
vn -0.3029 0.7279 -0.6151
vn -0.7846 -0.0000 -0.6201
vn -0.7263 -0.4193 -0.5447
vn -0.6950 -0.7188 0.0156
vn -0.6929 -0.5271 -0.4919
vn -0.2838 -0.4915 -0.8233
vn -0.0000 -0.5676 -0.8233
vn 0.4193 -0.7263 -0.5447
vn 0.7846 -0.0000 -0.6201
vn 0.7339 0.4237 -0.5309
vn 0.8019 -0.1416 -0.5804
vn 0.5818 -0.2877 -0.7607
vn 0.7775 0.1813 -0.6022
vn 0.7673 -0.4150 -0.4889
vn 0.6649 -0.7188 -0.2028
vn 0.5251 -0.8300 0.1879
vn 0.9248 -0.2311 -0.3024
vn 0.9346 -0.3493 0.0678
vn 0.7952 -0.5992 0.0926
vn 0.4555 -0.7943 0.4020
vn 0.1907 -0.5992 0.7775
vn 0.1834 -0.3493 0.9189
vn -0.1851 -0.2311 0.9552
vn -0.1231 -0.6504 0.7496
vn -0.8766 0.2633 0.4029
vn -0.5817 -0.2453 0.7755
vn -0.5013 -0.5000 0.7062
vn -0.8230 -0.0746 0.5632
vn -0.7339 0.4237 0.5309
vn -0.8019 -0.1416 0.5804
vn -0.5642 -0.7099 0.4215
vn -0.7097 -0.4881 0.5081
vn -0.5789 -0.0000 0.8154
vn 0.4193 -0.7263 0.5447
vn -0.0000 -0.5676 0.8233
vn -0.2838 -0.4915 0.8233
vn -0.7263 -0.4193 0.5447
vn 0.7339 -0.4237 0.5309
vn 0.6794 -0.3923 0.6201
vn 0.3434 -0.4506 0.8240
vn 0.8313 -0.4957 0.2514
vn 0.9941 0.0765 0.0765
vn 0.7160 -0.6981 -0.0000
vn 0.7525 -0.4657 0.4657
vn 0.9941 -0.0000 0.1081
vn 0.7160 0.4937 -0.4937
vn 0.7525 0.6586 -0.0000
vn 0.7525 -0.6586 -0.0000
vn 0.7525 -0.4657 -0.4657
vn 0.7525 -0.0000 -0.6586
vn 0.7525 0.4657 -0.4657
vn -0.6607 -0.6561 -0.3648
vn -0.5665 -0.0540 -0.8223
vn 0.8377 0.0116 -0.5460
vn -0.7065 0.2508 -0.6617
vn -0.5620 -0.4324 -0.7051
vn -0.4562 -0.2496 -0.8541
vn -0.3878 -0.0000 -0.9218
vn -0.0386 0.4150 -0.9090
vn -0.2145 0.7188 -0.6613
vn -0.2725 0.9463 -0.1740
vn -0.7155 0.4299 -0.5507
vn -0.4237 0.7339 -0.5309
vn -0.4682 0.6015 -0.6472
vn -0.6794 0.3923 -0.6201
vn -0.8386 -0.0000 -0.5447
vn -0.4915 -0.2838 -0.8233
vn -0.8709 -0.4150 0.2633
vn -0.8455 -0.4565 -0.2770
vn -0.7065 -0.4993 -0.5016
vn 0.2838 -0.4915 -0.8233
vn -0.2637 -0.4568 -0.8496
vn -0.0000 -0.5275 -0.8496
vn 0.3348 -0.8558 -0.3944
vn 0.7263 -0.4193 -0.5447
vn 0.8386 -0.0000 -0.5447
vn 0.8051 0.4164 -0.4224
vn 0.3370 -0.0000 -0.9415
vn 0.4237 0.7339 -0.5309
vn 0.1062 0.7099 -0.6962
vn 0.1345 0.1416 -0.9807
vn 0.0076 -0.3783 -0.9256
vn 0.8048 -0.0000 -0.5936
vn 0.9539 -0.2636 -0.1435
vn 0.8889 -0.4565 0.0382
vn 0.5235 -0.8272 -0.2045
vn 0.8001 -0.5271 0.2863
vn 0.4048 -0.8018 -0.4396
vn 0.9838 0.1487 -0.1004
vn 0.9745 -0.0923 0.2045
vn 0.9259 -0.3604 0.1136
vn 0.6862 -0.7268 0.0303
vn 0.1153 -0.7268 0.6771
vn 0.2278 -0.3604 0.9046
vn 0.3240 -0.0923 0.9415
vn 0.0226 0.1487 0.9886
vn -0.7755 0.1552 0.6120
vn -0.3777 -0.6781 0.6304
vn -0.1345 0.1416 0.9807
vn -0.2966 -0.7188 0.6287
vn -0.4920 -0.8300 0.2626
vn -0.9353 -0.0000 0.3540
vn 0.7263 -0.4193 0.5447
vn 0.2838 -0.4915 0.8233
vn -0.0000 -0.5275 0.8496
vn -0.2637 -0.4568 0.8496
vn -0.4915 -0.2838 0.8233
vn 0.1111 -0.1019 0.9886
vn 0.8474 -0.0000 0.5309
vn 0.7846 -0.0000 0.6201
vn 0.9935 0.1131 0.0116
vn 0.7160 -0.4937 -0.4937
vn 0.7160 -0.0000 -0.6981
vn -0.7417 -0.4507 0.4968
vn -0.4182 -0.4163 -0.8074
vn -0.4175 -0.0000 -0.9087
vn -0.4287 0.2636 -0.8642
vn -0.5403 0.4565 -0.7068
vn -0.4548 0.8300 -0.3228
vn -0.2948 0.6781 -0.6732
vn -0.8901 0.1450 -0.4320
vn -0.8305 -0.4150 -0.3716
vn -0.8828 -0.0000 -0.4697
vn -0.4411 0.7217 -0.5335
vn -0.6452 0.7016 -0.3026
vn -0.4762 0.7264 -0.4956
vn -0.7263 0.4193 -0.5447
vn -0.5676 -0.0000 -0.8233
vn -0.4568 -0.2637 -0.8496
vn -0.9572 -0.2636 -0.1197
vn -0.8510 -0.4324 -0.2980
vn -0.7302 -0.4450 -0.5184
vn 0.4915 -0.2838 -0.8233
vn 0.2637 -0.4568 -0.8496
vn -0.6101 -0.0000 -0.7923
vn -0.4314 -0.4314 -0.7923
vn -0.0000 -0.4616 -0.8871
vn -0.5275 -0.0000 -0.8496
vn -0.4568 0.2637 -0.8496
vn -0.2637 0.4568 -0.8496
vn -0.0000 0.5275 -0.8496
vn 0.2637 0.4568 -0.8496
vn -0.0000 0.5119 -0.8590
vn -0.4314 0.4314 -0.7923
vn 0.5676 -0.0000 -0.8233
vn 0.7263 0.4193 -0.5447
vn 0.1503 -0.5219 -0.8397
vn 0.5959 0.5558 -0.5796
vn 0.1536 -0.4150 -0.8968
vn 0.3923 0.6794 -0.6201
vn -0.0000 0.8474 -0.5309
vn -0.3235 0.8008 -0.5040
vn -0.1441 0.7929 -0.5920
vn 0.1012 -0.0000 -0.9949
vn 0.2966 -0.7188 -0.6287
vn 0.1890 -0.6415 -0.7435
vn 0.9777 -0.0000 -0.2100
vn 0.9615 -0.2496 -0.1151
vn 0.8999 -0.4324 0.0569
vn 0.3853 -0.7188 0.5787
vn 0.8158 -0.4993 0.2920
vn 0.7113 -0.4565 0.5345
vn 0.9783 0.0083 -0.2070
vn 0.8783 0.4266 0.2159
vn 0.9031 0.0959 0.4186
vn 0.9630 -0.1216 0.2407
vn 0.9417 -0.3361 0.0174
vn 0.6169 -0.7644 -0.1874
vn 0.1815 -0.9703 0.1602
vn -0.1093 -0.7644 0.6354
vn 0.1342 -0.3361 0.9322
vn 0.3584 -0.1216 0.9256
vn 0.5275 0.0959 0.8441
vn 0.3233 0.4266 0.8446
vn -0.8386 -0.0000 0.5447
vn -0.7263 0.4193 0.5447
vn -0.8051 0.4164 0.4224
vn -0.4237 0.7339 0.5309
vn -0.1536 -0.4150 0.8968
vn -0.6027 -0.6258 0.4950
vn -0.6783 -0.7016 0.2183
vn -0.9377 -0.1450 0.3157
vn -0.8709 0.4150 0.2633
vn -0.9981 -0.0000 -0.0621
vn 0.8386 -0.0000 0.5447
vn 0.4915 -0.2838 0.8233
vn 0.2637 -0.4568 0.8496
vn -0.6101 -0.0000 0.7923
vn -0.4314 0.4314 0.7923
vn -0.0000 0.5119 0.8590
vn 0.2637 0.4568 0.8496
vn -0.0000 0.5275 0.8496
vn -0.2637 0.4568 0.8496
vn -0.4568 0.2637 0.8496
vn -0.5275 -0.0000 0.8496
vn -0.4568 -0.2637 0.8496
vn -0.0000 -0.4616 0.8871
vn -0.4314 -0.4314 0.7923
vn -0.5676 -0.0000 0.8233
vn 0.7769 0.0802 0.6245
vn 0.6839 -0.2365 0.6901
vn 0.7170 0.5111 0.4740
vn 0.8772 0.4613 0.1329
vn 0.6113 0.1911 0.7680
vn 0.8051 0.4164 0.4224
vn -0.3184 -0.0000 -0.9480
vn -0.4562 0.2496 -0.8541
vn -0.5620 0.4324 -0.7051
vn -0.6929 0.5271 -0.4919
vn -0.6950 0.7188 0.0156
vn -0.9980 -0.0000 -0.0635
vn -0.9980 -0.0001 -0.0636
vn -0.9646 -0.2636 -0.0026
vn -0.9979 -0.0000 -0.0649
vn -0.8305 0.4150 -0.3716
vn -0.4078 0.5000 -0.7640
vn -0.4315 0.7405 -0.5153
vn -0.2515 0.7800 -0.5730
vn -0.4193 0.7263 -0.5447
vn -0.4915 0.2838 -0.8233
vn -0.9568 -0.2496 -0.1490
vn 0.4568 -0.2637 -0.8496
vn 0.4314 -0.4314 -0.7923
vn 0.6101 -0.0000 -0.7923
vn 0.4314 0.4314 -0.7923
vn 0.4568 0.2637 -0.8496
vn 0.5275 -0.0000 -0.8496
vn -0.5487 0.5487 -0.6308
vn -0.7759 -0.0000 -0.6308
vn -0.5487 -0.5487 -0.6308
vn -0.0000 -0.7759 -0.6308
vn -0.2838 0.4915 -0.8233
vn -0.0000 0.5676 -0.8233
vn 0.2838 0.4915 -0.8233
vn -0.0000 0.7759 -0.6308
vn 0.4915 0.2838 -0.8233
vn 0.4193 0.7263 -0.5447
vn -0.0000 0.7846 -0.6201
vn 0.1536 0.4150 -0.8968
vn 0.4144 -0.6559 -0.6309
vn 0.7673 0.4150 -0.4889
vn 0.9539 0.2636 -0.1435
vn 0.9840 -0.0000 -0.1781
vn 0.9013 -0.4163 -0.1195
vn 0.8002 -0.1175 0.5881
vn 0.8432 -0.4450 0.3018
vn 0.7317 -0.4324 0.5270
vn 0.6463 -0.2636 0.7162
vn 0.2829 -0.4150 0.8647
vn 0.6365 0.5284 0.5618
vn 0.7395 0.1647 0.6527
vn 0.8966 0.0533 0.4396
vn 0.9417 -0.2676 -0.2038
vn 0.7008 -0.4894 0.5190
vn 0.6416 -0.5173 0.5663
vn -0.0852 -0.2676 0.9598
vn 0.6021 -0.4894 0.6309
vn 0.5476 0.0533 0.8350
vn -0.4915 0.2838 0.8233
vn -0.4193 0.7263 0.5447
vn -0.3923 0.6794 0.6201
vn -0.5959 0.5558 0.5796
vn -0.1062 0.7099 0.6962
vn -0.1012 -0.0000 0.9949
vn -0.5347 -0.2636 0.8029
vn -0.6256 -0.4565 0.6326
vn -0.7497 -0.5271 0.4001
vn -0.6874 -0.7188 -0.1035
vn -0.9572 0.2636 -0.1197
vn -0.9955 -0.0000 -0.0945
vn 0.7263 0.4193 0.5447
vn 0.5676 -0.0000 0.8233
vn 0.4568 -0.2637 0.8496
vn 0.5275 -0.0000 0.8496
vn 0.4568 0.2637 0.8496
vn 0.4314 0.4314 0.7923
vn 0.6101 -0.0000 0.7923
vn 0.4314 -0.4314 0.7923
vn -0.5487 -0.5487 0.6308
vn -0.7759 -0.0000 0.6308
vn -0.5487 0.5487 0.6308
vn -0.0000 0.7759 0.6308
vn -0.0000 0.5676 0.8233
vn 0.2838 0.4915 0.8233
vn -0.2838 0.4915 0.8233
vn -0.0000 -0.7759 0.6308
vn 0.0947 0.3794 0.9204
vn 0.2454 -0.0000 0.9694
vn 0.4193 0.2365 0.8765
vn 0.3734 0.8349 0.4043
vn 0.7339 0.4237 0.5309
vn 0.4418 0.6313 0.6374
vn -0.2342 -0.5294 -0.8154
vn -0.1073 -0.0000 -0.9942
vn -0.5406 -0.7486 -0.3838
vn -0.4182 0.4163 -0.8074
vn -0.7065 0.4993 -0.5016
vn -0.8455 0.4565 -0.2770
vn -0.8738 -0.4565 0.1676
vn -0.9680 -0.2496 0.0265
vn -0.9995 -0.0000 -0.0325
vn -0.9646 0.2636 -0.0026
vn -0.2354 0.8660 -0.4411
vn -0.6874 0.7188 -0.1035
vn -0.0000 0.8386 -0.5447
vn -0.9001 -0.4163 -0.1285
vn 0.5487 -0.5487 -0.6308
vn 0.7759 -0.0000 -0.6308
vn 0.5487 0.5487 -0.6308
vn -0.0746 0.0746 -0.9944
vn -0.1055 -0.0000 -0.9944
vn -0.0746 -0.0746 -0.9944
vn -0.0000 -0.1055 -0.9944
vn -0.0000 0.1055 -0.9944
vn 0.4920 -0.8300 -0.2626
vn 0.5347 -0.2636 -0.8029
vn 0.6256 -0.4565 -0.6326
vn 0.5015 -0.0000 -0.8652
vn 0.2966 0.7188 -0.6287
vn 0.5347 0.2636 -0.8029
vn 0.5021 -0.7806 -0.3723
vn 0.6876 -0.7187 0.1035
vn 0.6649 0.7188 -0.2028
vn 0.8889 0.4565 0.0382
vn 0.9615 0.2496 -0.1151
vn 0.9594 -0.0000 -0.2819
vn 0.6701 -0.2496 0.6990
vn 0.6225 -0.0000 0.7827
vn 0.6432 0.5231 0.5592
vn 0.7446 0.1172 0.6572
vn 0.9606 0.0546 0.2724
vn 0.9659 0.2293 0.1206
vn 0.7450 -0.4218 0.5168
vn 0.3243 0.1342 0.9364
vn 0.7111 0.3170 0.6276
vn 0.3897 0.0546 0.9193
vn 0.2397 0.2293 0.9434
vn 0.6054 -0.4218 0.6750
vn 0.9694 0.1342 0.2054
vn -0.0000 0.8386 0.5447
vn -0.0000 0.7846 0.6201
vn -0.0000 0.8474 0.5309
vn 0.3235 0.8008 0.5040
vn 0.1441 0.7929 0.5920
vn -0.5015 -0.0000 0.8652
vn -0.5608 -0.2496 0.7894
vn -0.6469 -0.4324 0.6282
vn -0.7644 -0.4993 0.4080
vn -0.9568 0.2496 -0.1490
vn -0.9999 -0.0000 0.0121
vn 0.4762 0.7264 0.4956
vn 0.4915 0.2838 0.8233
vn 0.5487 -0.5487 0.6308
vn 0.5487 0.5487 0.6308
vn 0.7759 -0.0000 0.6308
vn -0.0746 -0.0746 0.9944
vn -0.1055 -0.0000 0.9944
vn -0.0746 0.0746 0.9944
vn -0.0000 0.1055 0.9944
vn 0.4193 0.7263 0.5447
vn -0.0000 -0.1055 0.9944
vn 0.2829 0.4150 0.8647
vn 0.1427 0.3783 0.9146
vn 0.7155 0.4299 0.5507
vn 0.4237 0.7339 0.5309
vn 0.2873 0.8666 0.4080
vn 0.4681 0.5186 0.7156
vn 0.7700 0.2971 0.5647
vn 0.5959 0.5558 0.5796
vn -0.2342 0.5294 -0.8154
vn -0.7729 -0.0671 -0.6310
vn -0.7568 -0.0000 -0.6536
vn -0.8471 -0.5294 0.0478
vn -0.8117 -0.0949 -0.5763
vn -0.7092 0.4935 -0.5035
vn -0.8510 0.4324 -0.2980
vn -0.8819 -0.4324 0.1877
vn -0.9903 -0.0000 -0.1387
vn -0.9680 0.2496 0.0265
vn -0.8738 0.4565 0.1676
vn -0.4920 0.8300 0.2626
vn 0.0746 -0.0746 -0.9944
vn 0.1055 -0.0000 -0.9944
vn 0.0746 0.0746 -0.9944
vn 0.4875 -0.4875 -0.7244
vn 0.6894 -0.0000 -0.7244
vn 0.4875 0.4875 -0.7244
vn -0.0000 0.6894 -0.7244
vn -0.0000 -0.6894 -0.7244
vn 0.7497 -0.5271 -0.4001
vn 0.5608 -0.2496 -0.7894
vn 0.6469 -0.4324 -0.6282
vn 0.5293 -0.0000 -0.8484
vn 0.4920 0.8300 -0.2626
vn 0.6256 0.4565 -0.6326
vn 0.5608 0.2496 -0.7894
vn 0.4119 -0.6576 -0.6308
vn 0.8738 -0.4565 -0.1676
vn 0.7709 -0.0258 -0.6365
vn 0.8779 0.3220 -0.3545
vn 0.5251 0.8300 0.1879
vn 0.8001 0.5271 0.2863
vn 0.8999 0.4324 0.0569
vn 0.8765 -0.0000 -0.4814
vn 0.8026 -0.5294 -0.2750
vn 0.6242 -0.7486 0.2234
vn 0.6208 -0.4163 0.6643
vn 0.6476 -0.0000 0.7620
vn 0.6463 0.2636 0.7162
vn 0.7461 0.0992 0.6585
vn 0.6751 0.4351 0.5958
vn 0.7482 -0.3543 0.5609
vn 0.0356 -0.3073 0.9510
vn 0.3541 0.0986 0.9300
vn 0.7214 0.2722 0.6367
vn 0.6495 -0.3543 0.6727
vn 0.9480 -0.3073 -0.0828
vn 0.9668 0.0986 0.2358
vn 0.2515 0.7800 0.5730
vn 0.4411 0.7217 0.5335
vn 0.4709 -0.0000 0.8822
vn 0.4078 0.5000 0.7640
vn -0.1536 0.4150 0.8968
vn -0.5347 0.2636 0.8029
vn -0.5293 -0.0000 0.8484
vn -0.5171 -0.4163 0.7479
vn -0.7900 -0.4450 0.4217
vn 0.0746 -0.0746 0.9944
vn 0.0746 0.0746 0.9944
vn 0.1055 -0.0000 0.9944
vn 0.4875 0.4875 0.7244
vn 0.6894 -0.0000 0.7244
vn 0.4875 -0.4875 0.7244
vn -0.0000 -0.6894 0.7244
vn -0.0000 0.6894 0.7244
vn 0.3852 0.7188 0.5787
vn 0.1355 0.2807 0.9502
vn 0.8828 -0.0000 0.4697
vn 0.2955 0.6415 0.7079
vn 0.5554 0.7790 0.2910
vn -0.5406 0.7486 -0.3838
vn -0.7729 0.0671 -0.6310
vn -0.8849 0.4617 -0.0619
vn -0.9956 -0.0000 0.0940
vn -0.9740 -0.0000 0.2266
vn -0.8506 -0.0671 -0.5216
vn -0.6176 0.6530 -0.4384
vn -0.9001 0.4163 -0.1285
vn -0.9091 -0.4163 0.0134
vn -0.8819 0.4324 0.1877
vn -0.7497 0.5271 0.4001
vn 0.2354 0.8660 0.4411
vn -0.2966 0.7188 0.6287
vn -0.4875 0.4875 -0.7244
vn -0.6894 -0.0000 -0.7244
vn -0.4875 -0.4875 -0.7244
vn 0.6547 -0.0000 -0.7559
vn 0.4629 -0.4629 -0.7559
vn 0.4629 0.4629 -0.7559
vn -0.0000 0.6547 -0.7559
vn -0.0000 -0.6547 -0.7559
vn 0.7644 -0.4993 -0.4080
vn 0.5171 -0.4163 -0.7479
vn 0.4359 -0.0000 -0.9000
vn 0.6874 0.7188 0.1035
vn 0.7497 0.5271 -0.4001
vn 0.6469 0.4324 -0.6282
vn 0.7209 0.1415 -0.6784
vn 0.8819 -0.4324 -0.1877
vn 0.7535 0.3553 -0.5531
vn 0.7113 0.4565 0.5345
vn 0.8158 0.4993 0.2920
vn 0.9013 0.4163 -0.1195
vn 0.8026 0.5294 -0.2750
vn 0.9692 -0.0000 0.2461
vn 0.9599 -0.0671 0.2723
vn 0.4459 -0.5294 0.7218
vn 0.9373 -0.0949 0.3354
vn 0.5627 -0.0000 0.8267
vn 0.6701 0.2496 0.6990
vn 0.7087 -0.3263 0.6255
vn 0.0142 -0.7487 0.6627
vn 0.0800 -0.3206 0.9438
vn 0.6594 -0.7487 -0.0683
vn 0.9464 -0.3206 -0.0379
vn 0.8305 0.4150 0.3716
vn -0.6256 0.4565 0.6326
vn -0.5608 0.2496 0.7894
vn -0.4359 -0.0000 0.9000
vn -0.4875 0.4875 0.7244
vn -0.4875 -0.4875 0.7244
vn -0.6894 -0.0000 0.7244
vn 0.4629 0.4629 0.7559
vn 0.6547 -0.0000 0.7559
vn 0.4629 -0.4629 0.7559
vn -0.0000 -0.6547 0.7559
vn -0.0000 0.6547 0.7559
vn 0.9979 -0.0000 0.0649
vn -0.8471 0.5294 0.0478
vn -0.8117 0.0949 -0.5763
vn -0.8849 -0.4617 -0.0619
vn -0.8892 0.4507 -0.0786
vn -0.9973 -0.0000 0.0736
vn -0.8667 -0.0000 -0.4989
vn -0.3503 0.4617 -0.8149
vn -0.6283 0.6373 -0.4461
vn -0.8342 -0.5294 -0.1548
vn -0.9374 -0.0000 -0.3483
vn -0.9091 0.4163 0.0134
vn -0.7644 0.4993 0.4080
vn -0.4629 0.4629 -0.7559
vn -0.6547 -0.0000 -0.7559
vn -0.4629 -0.4629 -0.7559
vn 0.7900 -0.4450 -0.4217
vn 0.8738 0.4565 -0.1676
vn 0.7644 0.4993 -0.4080
vn 0.5171 0.4163 -0.7479
vn 0.9646 -0.2636 0.0026
vn 0.9680 -0.2496 -0.0265
vn 0.7317 0.4324 0.5270
vn 0.8189 0.4935 0.2931
vn 0.6242 0.7486 0.2234
vn 0.9599 0.0671 0.2723
vn 0.4930 -0.0000 0.8700
vn 0.5575 0.4617 0.6899
vn 0.3720 -0.0000 0.9282
vn 0.9147 -0.0671 0.3986
vn 0.7131 0.6530 0.2552
vn 0.2726 -0.9316 0.2406
vn 0.0596 -0.7399 0.6701
vn 0.6723 -0.7399 -0.0241
vn 0.9646 0.2636 0.0026
vn -0.6469 0.4324 0.6282
vn -0.2324 -0.0000 0.9726
vn -0.3357 -0.5294 0.7792
vn -0.5849 -0.7486 0.3122
vn -0.4629 0.4629 0.7559
vn -0.4629 -0.4629 0.7559
vn -0.6547 -0.0000 0.7559
vn -0.8506 0.0671 -0.5216
vn -0.6176 -0.6530 -0.4384
vn -0.8892 -0.4507 -0.0786
vn -0.2396 -0.0000 -0.9709
vn -0.3675 0.4507 -0.8136
vn -0.8342 0.5294 -0.1548
vn -0.9098 -0.0671 0.4095
vn -0.9229 -0.0000 0.3850
vn -0.7673 0.4935 0.4095
vn 0.2324 -0.0000 -0.9726
vn 0.3357 -0.5294 -0.7792
vn 0.5849 -0.7486 -0.3122
vn 0.8819 0.4324 -0.1877
vn 0.7673 0.4935 -0.4095
vn 0.3357 0.5294 -0.7792
vn 0.9995 -0.0000 0.0325
vn 0.9091 -0.4163 -0.0134
vn 0.6208 0.4163 0.6643
vn 0.4459 0.5294 0.7218
vn 0.9373 0.0949 0.3354
vn 0.5575 -0.4617 0.6899
vn 0.5108 -0.0000 0.8597
vn 0.5737 0.4507 0.6840
vn 0.9053 -0.0000 0.4248
vn 0.8687 0.4617 -0.1795
vn 0.7255 0.6373 0.2597
vn 0.3050 -0.9135 0.2692
vn 0.9680 0.2496 -0.0265
vn -0.5171 0.4163 0.7479
vn -0.3357 0.5294 0.7792
vn -0.8336 -0.0000 0.5524
vn -0.8466 -0.0671 0.5279
vn -0.8782 -0.0949 0.4687
vn -0.3503 -0.4617 -0.8149
vn -0.6283 -0.6373 -0.4461
vn -0.2594 -0.0000 -0.9658
vn -0.5849 0.7486 0.3122
vn -0.9098 0.0671 0.4095
vn -0.4508 0.4617 0.7640
vn -0.3607 -0.0000 0.9327
vn 0.8336 -0.0000 -0.5524
vn 0.8466 -0.0671 -0.5279
vn 0.8782 -0.0949 -0.4687
vn 0.8342 -0.5294 0.1548
vn 0.5849 0.7486 -0.3122
vn 0.8466 0.0671 -0.5279
vn 0.9903 -0.0000 0.1387
vn 0.9147 0.0671 0.3986
vn 0.7131 -0.6530 0.2552
vn 0.5737 -0.4507 0.6840
vn 0.9331 -0.0000 -0.3596
vn 0.8774 0.4507 -0.1647
vn -0.8466 0.0671 0.5279
vn -0.9756 -0.0000 -0.2195
vn -0.8856 0.4617 -0.0507
vn -0.6682 0.6530 0.3566
vn -0.3675 -0.4507 -0.8136
vn -0.8782 0.0949 0.4687
vn -0.4508 -0.4617 0.7640
vn -0.4676 0.4507 0.7604
vn -0.3797 -0.0000 0.9251
vn 0.9756 -0.0000 0.2195
vn 0.8856 0.4617 0.0507
vn 0.9098 -0.0671 -0.4095
vn 0.6682 0.6530 -0.3566
vn 0.9374 -0.0000 0.3483
vn 0.9091 0.4163 -0.0134
vn 0.8342 0.5294 0.1548
vn 0.8782 0.0949 -0.4687
vn 0.8856 -0.4617 0.0507
vn 0.8687 -0.4617 -0.1795
vn 0.7255 -0.6373 0.2597
vn 0.9403 -0.0000 -0.3404
vn -0.8856 -0.4617 -0.0507
vn -0.9799 -0.0000 -0.1994
vn -0.8920 0.4507 -0.0348
vn -0.6798 0.6373 0.3628
vn -0.6682 -0.6530 0.3566
vn -0.4676 -0.4507 0.7604
vn 0.8920 0.4507 0.0348
vn 0.9799 -0.0000 0.1994
vn 0.9229 -0.0000 -0.3850
vn 0.4508 0.4617 -0.7640
vn 0.6798 0.6373 -0.3628
vn 0.9098 0.0671 -0.4095
vn 0.6682 -0.6530 -0.3566
vn 0.8920 -0.4507 0.0348
vn 0.8774 -0.4507 -0.1647
vn -0.8920 -0.4507 -0.0348
vn -0.6798 -0.6373 0.3628
vn 0.3607 -0.0000 -0.9327
vn 0.4676 0.4507 -0.7604
vn 0.4508 -0.4617 -0.7640
vn 0.6798 -0.6373 -0.3628
vn 0.3797 -0.0000 -0.9251
vn 0.4676 -0.4507 -0.7604
vn 0.3134 -0.8409 0.4413
vn -0.0293 -0.7282 0.6847
vn -0.4076 -0.8660 0.2895
vn -0.6562 -0.7282 -0.1978
vn -0.3134 -0.8409 -0.4413
vn 0.6562 -0.7282 0.1978
vn 0.4728 -0.5774 0.6657
vn 0.2374 -0.5000 0.8328
vn -0.2803 -0.4204 0.8630
vn -0.7061 -0.5000 0.5015
vn 0.0293 -0.7282 -0.6847
vn -0.9071 -0.4204 -0.0196
vn -0.7082 -0.5000 -0.4985
vn -0.4728 -0.5774 -0.6657
vn 0.7061 -0.5000 -0.5015
vn 0.9071 -0.4204 0.0196
vn 0.7082 -0.5000 0.4985
vn 0.0651 -0.2887 0.9552
vn 0.4896 -0.5340 0.6893
vn 0.2719 -0.4625 0.8439
vn -0.3721 -0.0000 0.9282
vn -0.8153 -0.0000 0.5791
vn -0.2374 -0.5000 -0.8328
vn 0.2803 -0.4204 -0.8630
vn -0.9990 -0.0000 0.0456
vn -0.8805 -0.2887 -0.3761
vn -0.7073 -0.4625 -0.5347
vn -0.4896 -0.5340 -0.6893
vn 0.9990 -0.0000 -0.0456
vn 0.8805 -0.2887 0.3761
vn 0.7073 -0.4625 0.5347
vn 0.0021 -0.0000 1.0000
vn 0.1125 -0.2670 0.9571
vn 0.5125 -0.4654 0.7216
vn -0.2803 0.4204 0.8630
vn -0.2719 -0.4625 -0.8439
vn -0.0651 -0.2887 -0.9552
vn 0.3721 -0.0000 -0.9282
vn -0.9071 0.4204 -0.0196
vn -0.9435 -0.0000 -0.3313
vn -0.8666 -0.2670 -0.4215
vn -0.5125 -0.4654 -0.7216
vn 0.9071 0.4204 0.0196
vn 0.9435 -0.0000 0.3313
vn 0.8666 -0.2670 0.4215
vn 0.0651 0.2887 0.9552
vn 0.0542 -0.0000 0.9985
vn 0.1021 -0.4349 0.8947
vn -0.0293 0.7282 0.6847
vn -0.1125 -0.2670 -0.9571
vn -0.0021 -0.0000 -1.0000
vn 0.2803 0.4204 -0.8630
vn -0.6562 0.7282 -0.1978
vn -0.8805 0.2887 -0.3761
vn -0.9250 -0.0000 -0.3801
vn -0.8111 -0.4349 -0.3911
vn 0.6562 0.7282 0.1978
vn 0.8805 0.2887 0.3761
vn 0.9250 -0.0000 0.3801
vn 0.8112 -0.4349 0.3911
vn 0.2374 0.5000 0.8328
vn 0.1125 0.2670 0.9571
vn -0.0448 -0.0000 0.9990
vn 0.3607 -0.7823 0.5078
vn -0.0903 -0.5532 0.8281
vn 0.3134 0.8409 0.4413
vn -0.1021 -0.4349 -0.8947
vn -0.0542 -0.0000 -0.9985
vn -0.0651 0.2887 -0.9552
vn 0.0293 0.7282 -0.6847
vn -0.3134 0.8409 -0.4413
vn -0.7082 0.5000 -0.4985
vn -0.8666 0.2670 -0.4215
vn -0.9580 -0.0000 -0.2868
vn -0.8117 -0.5532 -0.1875
vn -0.3607 -0.7823 -0.5078
vn 0.7082 0.5000 0.4985
vn 0.8666 0.2670 0.4215
vn 0.9580 -0.0000 0.2868
vn 0.8117 -0.5532 0.1875
vn 0.4728 0.5774 0.6657
vn 0.2719 0.4625 0.8439
vn -0.2772 -0.0000 0.9608
vn 0.5757 -0.1081 0.8105
vn 0.5133 -0.0765 0.8548
vn 0.0903 -0.5532 -0.8281
vn 0.0448 -0.0000 -0.9990
vn -0.1125 0.2670 -0.9571
vn -0.2374 0.5000 -0.8328
vn -0.4728 0.5774 -0.6657
vn -0.7073 0.4625 -0.5347
vn -0.9985 -0.0000 -0.0548
vn -0.6380 -0.0765 -0.7662
vn -0.5757 -0.1081 -0.8105
vn 0.7073 0.4625 0.5347
vn 0.9985 -0.0000 0.0548
vn 0.6380 -0.0765 0.7662
vn 0.4896 0.5340 0.6893
vn 0.1021 0.4349 0.8947
vn 0.4875 -0.0000 0.8731
vn -0.0903 0.5532 0.8281
vn 0.4146 0.6981 0.5837
vn 0.8171 0.4937 0.2978
vn 0.2772 -0.0000 -0.9608
vn -0.5133 -0.0765 -0.8548
vn -0.2719 0.4625 -0.8439
vn -0.4896 0.5340 -0.6893
vn -0.8111 0.4349 -0.3911
vn -0.8117 0.5532 -0.1875
vn -0.6638 -0.0000 -0.7479
vn -0.0121 0.4937 -0.8696
vn -0.4146 0.6981 -0.5837
vn 0.8111 0.4349 0.3911
vn 0.8117 0.5532 0.1875
vn 0.6638 -0.0000 0.7479
vn 0.0121 0.4937 0.8696
vn 0.4960 0.5162 0.6983
vn 0.5133 0.0765 0.8548
vn 0.9838 -0.0000 0.1794
vn 0.3607 0.7823 0.5078
vn 0.8154 0.4657 0.3438
vn 0.4357 0.6586 0.6135
vn -0.1021 0.4349 -0.8947
vn 0.0903 0.5532 -0.8281
vn -0.4875 -0.0000 -0.8731
vn -0.8171 0.4937 -0.2978
vn -0.4960 0.5162 -0.6983
vn -0.3607 0.7823 -0.5078
vn -0.6380 0.0765 -0.7662
vn 0.1546 -0.0000 -0.9880
vn -0.0560 0.4657 -0.8832
vn -0.4357 0.6586 -0.6135
vn 0.6380 0.0765 0.7662
vn -0.1546 -0.0000 0.9880
vn 0.0560 0.4657 0.8832
vn 0.5757 0.1081 0.8105
vn 0.8171 -0.4937 0.2978
vn 0.9727 -0.0000 0.2321
vn -0.5133 0.0765 -0.8548
vn -0.9838 -0.0000 -0.1794
vn -0.8154 0.4657 -0.3438
vn -0.5757 0.1081 -0.8105
vn -0.0121 -0.4937 -0.8696
vn 0.0121 -0.4937 0.8696
vn 0.4146 -0.6981 0.5837
vn 0.8154 -0.4657 0.3438
vn -0.8171 -0.4937 -0.2978
vn -0.9727 -0.0000 -0.2321
vn -0.4146 -0.6981 -0.5837
vn -0.0560 -0.4657 -0.8832
vn -0.4357 -0.6586 -0.6135
vn 0.0560 -0.4657 0.8832
vn 0.4357 -0.6586 0.6135
vn -0.8154 -0.4657 -0.3438
vt 0.908371 0.019539
vt 0.922577 0.326069
vt 0.891317 0.326115
vt 0.886874 0.019539
vt 0.829210 0.019539
vt 0.753685 0.019539
vt 0.684279 0.019539
vt 0.643027 0.019539
vt 0.643027 0.019539
vt 0.684279 0.019539
vt 0.892547 0.324884
vt 0.835520 0.331282
vt 0.913499 0.434190
vt 0.897462 0.430019
vt 0.760831 0.339662
vt 0.692192 0.347362
vt 0.651396 0.351939
vt 0.692192 0.347362
vt 0.760831 0.339662
vt 0.835520 0.331282
vt 0.875520 0.424314
vt 0.854443 0.418833
vt 0.669836 0.448743
vt 0.831220 0.544929
vt 0.815974 0.543353
vt 0.871436 0.455031
vt 0.752388 0.470210
vt 0.700611 0.456746
vt 0.700611 0.456746
vt 0.642263 0.524356
vt 0.642263 0.524356
vt 0.752388 0.470210
vt 0.914896 0.461773
vt 0.911206 0.451657
vt 0.913010 0.443298
vt 0.671519 0.527381
vt 0.671519 0.527381
vt 0.624862 0.555967
vt 0.626421 0.550145
vt 0.626421 0.550145
vt 0.624862 0.555967
vt 0.894364 0.646338
vt 0.898774 0.637480
vt 0.885889 0.632860
vt 0.906596 0.443822
vt 0.890859 0.438320
vt 0.885404 0.438833
vt 0.879063 0.436472
vt 0.868856 0.432671
vt 0.784847 0.512109
vt 0.774305 0.538007
vt 0.720743 0.532469
vt 0.720743 0.532469
vt 0.641048 0.528895
vt 0.645591 0.541579
vt 0.636316 0.567474
vt 0.124346 0.330761
vt 0.126290 0.186899
vt 0.122232 0.321711
vt 0.124334 0.330711
vt 0.645566 0.541509
vt 0.790654 0.573256
vt 0.822136 0.578514
vt 0.820281 0.598105
vt 0.891927 0.661999
vt 0.902857 0.639344
vt 0.869244 0.443937
vt 0.867660 0.451657
vt 0.841636 0.592227
vt 0.844552 0.592879
vt 0.854595 0.609914
vt 0.699487 0.574286
vt 0.651980 0.574823
vt 0.651980 0.574823
vt 0.645583 0.541600
vt 0.645591 0.541579
vt 0.751183 0.573702
vt 0.803638 0.596385
vt 0.927302 0.637670
vt 0.961486 0.461795
vt 0.920819 0.632860
vt 0.903793 0.639694
vt 0.865115 0.638206
vt 0.855758 0.626733
vt 0.730298 0.769456
vt 0.685550 0.771889
vt 0.633903 0.574212
vt 0.630923 0.576442
vt 0.730298 0.769456
vt 0.131309 0.803601
vt 0.132432 0.798793
vt 0.107956 0.052152
vt 0.785165 0.744636
vt 0.799024 0.743883
vt 0.879275 0.664183
vt 0.931960 0.647288
vt 0.963196 0.456936
vt 0.886941 0.634338
vt 0.903502 0.638839
vt 0.869283 0.639694
vt 0.911758 0.652435
vt 0.630923 0.576442
vt 0.666566 0.782242
vt 0.657782 0.761210
vt 0.628831 0.578006
vt 0.778991 0.766809
vt 0.113125 0.330761
vt 0.109190 0.313914
vt 0.087660 0.045913
vt 0.087660 0.045913
vt 0.102346 0.063300
vt 0.816169 0.764789
vt 0.976946 0.444252
vt 0.967197 0.440333
vt 0.966873 0.451657
vt 0.936734 0.460938
vt 0.936806 0.460925
vt 0.891696 0.632860
vt 0.923739 0.649383
vt 0.747987 0.746657
vt 0.124343 0.330776
vt 0.129922 0.805192
vt 0.120454 0.938782
vt 0.107956 0.953120
vt 0.696332 0.964658
vt 0.699832 0.964199
vt 0.628831 0.578006
vt 0.658145 0.762079
vt 0.696586 0.965321
vt 0.720810 0.967260
vt 0.736673 0.964211
vt 0.777728 0.956318
vt 0.121591 0.797164
vt 0.121591 0.797164
vt 0.102346 0.063300
vt 0.109439 0.330761
vt 0.105998 0.316028
vt 0.067364 0.052152
vt 0.087660 0.058786
vt 0.103979 0.184664
vt 0.109439 0.330761
vt 0.830028 0.764035
vt 0.809074 0.950292
vt 0.820759 0.948046
vt 0.984975 0.441660
vt 0.973108 0.431539
vt 0.199090 0.782488
vt 0.199107 0.782479
vt 0.199073 0.782489
vt 0.936886 0.460736
vt 0.943233 0.451657
vt 0.945019 0.441525
vt 0.945865 0.439526
vt 0.956292 0.439366
vt 0.971683 0.441774
vt 0.979566 0.441706
vt 0.120994 0.020914
vt 0.190183 0.099970
vt 0.202774 0.100389
vt 0.203050 0.100074
vt 0.204679 0.099747
vt 0.214742 0.097915
vt 0.140131 0.014456
vt 0.695738 0.965099
vt 0.674534 0.959562
vt 0.731407 0.965223
vt 0.721459 0.961633
vt 0.670055 0.958308
vt 0.616964 0.792681
vt 0.617844 0.773804
vt 0.129922 0.805192
vt 0.107956 0.953120
vt 0.108763 0.952194
vt 0.120454 0.938782
vt 0.694361 0.964726
vt 0.118400 0.795050
vt 0.102346 0.941971
vt 0.087660 0.959358
vt 0.055983 0.186899
vt 0.059964 0.182331
vt 0.056893 0.064164
vt 0.059048 0.061692
vt 0.059517 0.182845
vt 0.072975 0.063300
vt 0.087660 0.063014
vt 0.104900 0.330761
vt 0.111108 0.797471
vt 0.096156 0.804576
vt 0.074818 0.938310
vt 0.087660 0.942257
vt 0.100503 0.938310
vt 0.091136 0.185924
vt 0.098706 0.313608
vt 0.976229 0.418239
vt 0.976106 0.426154
vt 0.199324 0.782441
vt 0.642944 0.757523
vt 0.652764 0.755554
vt 0.155934 0.104009
vt 0.150065 0.104783
vt 0.101732 0.104783
vt 0.092431 0.092241
vt 0.190027 0.092241
vt 0.190824 0.095543
vt 0.192908 0.096438
vt 0.668343 0.953679
vt 0.670076 0.958364
vt 0.618062 0.772039
vt 0.617161 0.790713
vt 0.101732 0.104783
vt 0.257007 0.104783
vt 0.247706 0.100413
vt 0.244183 0.101381
vt 0.242625 0.101808
vt 0.242296 0.101899
vt 0.240378 0.101987
vt 0.222579 0.102893
vt 0.221818 0.102798
vt 0.214440 0.101931
vt 0.203169 0.100546
vt 0.202134 0.100122
vt 0.190834 0.095583
vt 0.776554 0.967339
vt 0.738301 0.968609
vt 0.784731 0.966490
vt 0.792302 0.965134
vt 0.808190 0.962288
vt 0.087660 0.946485
vt 0.103387 0.954524
vt 0.091962 0.958036
vt 0.067364 0.953120
vt 0.058318 0.313914
vt 0.078294 0.184664
vt 0.097904 0.314528
vt 0.103765 0.330761
vt 0.110306 0.796550
vt 0.096156 0.803274
vt 0.061510 0.316028
vt 0.058069 0.330761
vt 0.073912 0.795050
vt 0.081203 0.797471
vt 0.062608 0.330761
vt 0.068802 0.313608
vt 0.072975 0.941971
vt 0.091136 0.187226
vt 0.821219 0.954099
vt 0.811385 0.961724
vt 0.812362 0.960972
vt 0.820915 0.954338
vt 0.792302 0.965142
vt 0.783666 0.966689
vt 0.780675 0.967216
vt 0.740198 0.968552
vt 0.740106 0.968513
vt 0.976295 0.402054
vt 0.199144 0.782344
vt 0.187562 0.505924
vt 0.187451 0.504727
vt 0.187057 0.506154
vt 0.946438 0.437256
vt 0.951648 0.426154
vt 0.952912 0.411830
vt 0.952937 0.411537
vt 0.947166 0.262119
vt 0.975454 0.229774
vt 0.981961 0.230830
vt 0.971188 0.262029
vt 0.568768 0.648113
vt 0.580156 0.638498
vt 0.654498 0.754257
vt 0.736667 0.968476
vt 0.067364 0.953120
vt 0.061002 0.803601
vt 0.104900 0.330761
vt 0.103765 0.330761
vt 0.097904 0.314528
vt 0.043162 0.330761
vt 0.054383 0.330761
vt 0.095778 0.316966
vt 0.100759 0.330761
vt 0.108180 0.794112
vt 0.082006 0.796550
vt 0.096156 0.799825
vt 0.069604 0.314528
vt 0.070720 0.797164
vt 0.063743 0.330761
vt 0.083754 0.311253
vt 0.412282 0.104783
vt 0.402981 0.092241
vt 0.261414 0.092241
vt 0.261161 0.092540
vt 0.256585 0.097981
vt 0.255098 0.098383
vt 0.821763 0.953679
vt 0.247706 0.100419
vt 0.257040 0.097444
vt 0.261019 0.092710
vt 0.975709 0.399379
vt 0.975774 0.399676
vt 0.976276 0.400651
vt 0.188647 0.504658
vt 0.187495 0.503886
vt 0.187718 0.503107
vt 0.942706 0.264771
vt 0.954149 0.400651
vt 0.737925 0.967595
vt 0.618389 0.762445
vt 0.652764 0.755554
vt 0.618512 0.762420
vt 0.875975 0.979546
vt 0.871286 0.965730
vt 0.875066 0.979709
vt 0.781384 0.967089
vt 0.092019 0.958019
vt 0.082017 0.957624
vt 0.071144 0.954281
vt 0.063123 0.948253
vt 0.062946 0.948051
vt 0.059728 0.944360
vt 0.056007 0.940091
vt 0.091136 0.185924
vt 0.110306 0.796550
vt 0.054383 0.330761
vt 0.100759 0.330761
vt 0.095778 0.316966
vt 0.058926 0.058715
vt 0.060541 0.058134
vt 0.551661 0.293406
vt 0.555776 0.287010
vt 0.543370 0.299609
vt 0.055451 0.189176
vt 0.044340 0.325718
vt 0.044397 0.325475
vt 0.045856 0.319229
vt 0.044118 0.326669
vt 0.044090 0.326789
vt 0.093653 0.319405
vt 0.097753 0.330761
vt 0.106054 0.791673
vt 0.084131 0.794112
vt 0.096156 0.796377
vt 0.071730 0.316966
vt 0.066749 0.330761
vt 0.083754 0.314701
vt 0.322435 0.249834
vt 0.406081 0.249834
vt 0.250806 0.221469
vt 0.257038 0.222821
vt 0.288287 0.229602
vt 0.420001 0.113046
vt 0.413800 0.227799
vt 0.000000 0.000000
vt 0.413800 0.227799
vt 0.406081 0.249834
vt 0.311162 0.249834
vt 0.300958 0.233211
vt 0.263082 0.221161
vt 0.250806 0.224420
vt 0.241985 0.104783
vt 0.242402 0.103474
vt 0.223461 0.102852
vt 0.243687 0.101523
vt 0.155779 0.020914
vt 0.219371 0.100477
vt 0.222404 0.102169
vt 0.223419 0.102825
vt 0.939682 0.200359
vt 0.936473 0.203370
vt 0.189064 0.141627
vt 0.189034 0.141416
vt 0.189036 0.141548
vt 0.944381 0.223530
vt 0.939239 0.219448
vt 0.936704 0.218762
vt 0.921345 0.203183
vt 0.926010 0.200410
vt 0.933437 0.199346
vt 0.937141 0.199946
vt 0.145333 0.030406
vt 0.134011 0.025734
vt 0.120164 0.030406
vt 0.103495 0.038556
vt 0.548841 0.320017
vt 0.563045 0.318960
vt 0.619362 0.635283
vt 0.592975 0.626139
vt 0.602123 0.626834
vt 0.611239 0.633654
vt 0.609145 0.764298
vt 0.583794 0.628337
vt 0.571945 0.639947
vt 0.095531 0.249834
vt 0.186262 0.249834
vt 0.195370 0.229602
vt 0.240823 0.115644
vt 0.087812 0.227799
vt 0.094013 0.113046
vt 0.597017 0.761867
vt 0.058991 0.943514
vt 0.057645 0.789226
vt 0.056528 0.784447
vt 0.108180 0.794112
vt 0.069604 0.314528
vt 0.068802 0.313608
vt 0.097753 0.330761
vt 0.603102 0.279062
vt 0.594545 0.285463
vt 0.588646 0.301934
vt 0.579355 0.316635
vt 0.599417 0.265960
vt 0.608341 0.270774
vt 0.611812 0.269960
vt 0.603362 0.264762
vt 0.569058 0.313377
vt 0.593402 0.288655
vt 0.602140 0.279782
vt 0.060767 0.802596
vt 0.092851 0.320325
vt 0.096618 0.330761
vt 0.105252 0.790753
vt 0.086257 0.791673
vt 0.096156 0.795075
vt 0.073855 0.319405
vt 0.069755 0.330761
vt 0.083754 0.316003
vt 0.376426 0.229602
vt 0.399039 0.261416
vt 0.336738 0.261416
vt 0.359090 0.503539
vt 0.409181 0.503539
vt 0.365694 0.428891
vt 0.413800 0.261787
vt 0.250336 0.115644
vt 0.351737 0.115644
vt 0.463687 0.227799
vt 0.469888 0.113046
vt 0.241663 0.226847
vt 0.243158 0.222610
vt 0.409181 0.503539
vt 0.334912 0.503539
vt 0.324889 0.266131
vt 0.286244 0.233211
vt 0.313263 0.266131
vt 0.249337 0.221161
vt 0.230368 0.228383
vt 0.975581 0.399382
vt 0.929515 0.203529
vt 0.945885 0.217614
vt 0.953866 0.219448
vt 0.931658 0.201620
vt 0.188974 0.141418
vt 0.925348 0.203353
vt 0.163744 0.038556
vt 0.151096 0.043171
vt 0.138961 0.031135
vt 0.129059 0.027049
vt 0.116950 0.031135
vt 0.107502 0.043171
vt 0.098524 0.090559
vt 0.139414 0.113112
vt 0.587330 0.330582
vt 0.594545 0.350728
vt 0.602068 0.356356
vt 0.611239 0.633654
vt 0.593243 0.620191
vt 0.553944 0.315665
vt 0.087812 0.261787
vt 0.098631 0.503539
vt 0.175169 0.503539
vt 0.179860 0.428891
vt 0.175801 0.261416
vt 0.190632 0.261416
vt 0.213245 0.229602
vt 0.044125 0.113046
vt 0.037924 0.227799
vt 0.087812 0.227799
vt 0.062608 0.330761
vt 0.096618 0.330761
vt 0.591779 0.261157
vt 0.595074 0.260385
vt 0.594041 0.349320
vt 0.582858 0.318096
vt 0.584852 0.312529
vt 0.584732 0.312050
vt 0.074658 0.320325
vt 0.070890 0.330761
vt 0.087059 0.790753
vt 0.371382 0.250410
vt 0.397045 0.397445
vt 0.416617 0.428891
vt 0.402140 0.621168
vt 0.340946 0.621168
vt 0.322302 0.737701
vt 0.413088 0.737701
vt 0.416900 0.503539
vt 0.463687 0.261787
vt 0.314645 0.229602
vt 0.349031 0.241985
vt 0.471025 0.250029
vt 0.471025 0.241028
vt 0.463687 0.227799
vt 0.416900 0.503539
vt 0.413088 0.737701
vt 0.357238 0.737701
vt 0.330996 0.613561
vt 0.335869 0.506426
vt 0.326253 0.506426
vt 0.281900 0.266131
vt 0.254882 0.233211
vt 0.217974 0.221161
vt 0.168094 0.090559
vt 0.155958 0.088512
vt 0.144001 0.042298
vt 0.112803 0.039793
vt 0.108899 0.085451
vt 0.109409 0.103205
vt 0.129536 0.107459
vt 0.140189 0.108763
vt 0.128080 0.112849
vt 0.118179 0.108763
vt 0.103837 0.100700
vt 0.105009 0.085451
vt 0.105877 0.042298
vt 0.127603 0.032439
vt 0.105619 0.088512
vt 0.090912 0.503539
vt 0.090912 0.503539
vt 0.102538 0.737701
vt 0.124210 0.737701
vt 0.143486 0.612580
vt 0.177811 0.602946
vt 0.181796 0.600935
vt 0.190634 0.604902
vt 0.191656 0.428891
vt 0.037924 0.227799
vt 0.030587 0.241028
vt 0.030587 0.250029
vt 0.037924 0.261787
vt 0.095531 0.249834
vt 0.087812 0.261787
vt 0.126193 0.235326
vt 0.133088 0.249834
vt 0.058866 0.947757
vt 0.044034 0.326447
vt 0.041532 0.329718
vt 0.373803 0.257245
vt 0.397413 0.401391
vt 0.403034 0.428891
vt 0.383433 0.751254
vt 0.299427 0.751254
vt 0.290127 0.878095
vt 0.405275 0.878095
vt 0.279751 0.755523
vt 0.416900 0.627477
vt 0.466788 0.503539
vt 0.480326 0.398637
vt 0.292032 0.261416
vt 0.326680 0.250410
vt 0.354257 0.249877
vt 0.481997 0.257331
vt 0.481997 0.249459
vt 0.224965 0.229118
vt 0.220409 0.229738
vt 0.466788 0.503539
vt 0.416900 0.627476
vt 0.344449 0.878095
vt 0.359834 0.742666
vt 0.391506 0.742666
vt 0.363134 0.612580
vt 0.330753 0.612580
vt 0.294890 0.506426
vt 0.271424 0.402579
vt 0.242574 0.254743
vt 0.203198 0.233211
vt 0.181066 0.233211
vt 0.215869 0.246024
vt 0.166223 0.111557
vt 0.147874 0.105949
vt 0.149030 0.085451
vt 0.104280 0.105949
vt 0.105973 0.111557
vt 0.041025 0.503539
vt 0.090912 0.627476
vt 0.094725 0.878095
vt 0.121375 0.878095
vt 0.121614 0.742666
vt 0.110778 0.742666
vt 0.131337 0.612580
vt 0.164758 0.600935
vt 0.293057 0.428891
vt 0.030587 0.250029
vt 0.019614 0.249459
vt 0.019614 0.257331
vt 0.039888 0.398637
vt 0.098631 0.503539
vt 0.090912 0.503539
vt 0.585389 0.311029
vt 0.402651 0.428891
vt 0.390844 0.609154
vt 0.378388 0.730445
vt 0.352542 0.762898
vt 0.268238 0.762898
vt 0.241302 0.742666
vt 0.226551 0.742666
vt 0.227693 0.883781
vt 0.301505 0.883781
vt 0.246540 0.751254
vt 0.309106 0.888946
vt 0.316157 0.893738
vt 0.405275 0.893738
vt 0.420807 0.759735
vt 0.466788 0.627477
vt 0.474125 0.503539
vt 0.491299 0.402852
vt 0.319619 0.397445
vt 0.334711 0.257245
vt 0.354257 0.259597
vt 0.386316 0.396874
vt 0.395742 0.428891
vt 0.380115 0.609726
vt 0.357358 0.622988
vt 0.337811 0.625339
vt 0.361264 0.730979
vt 0.376904 0.625339
vt 0.391213 0.605209
vt 0.485098 0.503539
vt 0.491299 0.398026
vt 0.481997 0.259843
vt 0.485098 0.503539
vt 0.485098 0.610426
vt 0.489004 0.730204
vt 0.489004 0.738076
vt 0.485098 0.629420
vt 0.485098 0.615252
vt 0.474125 0.503539
vt 0.466788 0.627476
vt 0.321484 0.605620
vt 0.336081 0.883781
vt 0.392648 0.883781
vt 0.315246 0.600935
vt 0.296289 0.612575
vt 0.296281 0.612579
vt 0.296280 0.612580
vt 0.296251 0.612634
vt 0.290529 0.628906
vt 0.285001 0.628906
vt 0.272379 0.506426
vt 0.262472 0.406662
vt 0.236074 0.261815
vt 0.212721 0.254191
vt 0.189164 0.254743
vt 0.193570 0.241114
vt 0.142523 0.231512
vt 0.144514 0.115614
vt 0.141961 0.100700
vt 0.138429 0.039793
vt 0.135350 0.039013
vt 0.125105 0.032053
vt 0.111099 0.039013
vt 0.119344 0.115614
vt 0.107738 0.231512
vt 0.041025 0.627476
vt 0.207740 0.612580
vt 0.213640 0.621168
vt 0.295133 0.621168
vt 0.313630 0.428891
vt 0.039888 0.398637
vt 0.022715 0.503539
vt 0.022715 0.615252
vt 0.022715 0.629420
vt 0.026621 0.730204
vt 0.026621 0.738075
vt 0.026621 0.730204
vt 0.022715 0.610426
vt 0.022715 0.503539
vt 0.028916 0.402852
vt 0.019614 0.259843
vt 0.028916 0.398026
vt 0.033688 0.503539
vt 0.169803 0.503539
vt 0.136623 0.254969
vt 0.173531 0.395155
vt 0.187881 0.396420
vt 0.356037 0.738871
vt 0.321652 0.751254
vt 0.229077 0.730713
vt 0.237731 0.739174
vt 0.239505 0.740908
vt 0.207706 0.754679
vt 0.206373 0.883781
vt 0.218738 0.927239
vt 0.301216 0.927239
vt 0.470694 0.759735
vt 0.474125 0.614642
vt 0.329703 0.401391
vt 0.491299 0.402852
vt 0.491311 0.613417
vt 0.491311 0.503539
vt 0.497512 0.399861
vt 0.488211 0.262438
vt 0.478031 0.737505
vt 0.478031 0.746507
vt 0.491311 0.626825
vt 0.420807 0.772176
vt 0.383693 0.927239
vt 0.329713 0.600935
vt 0.265224 0.616475
vt 0.262529 0.506426
vt 0.180764 0.257761
vt 0.189367 0.261815
vt 0.178915 0.402579
vt 0.154048 0.266131
vt 0.123386 0.237970
vt 0.124466 0.222599
vt 0.145140 0.085451
vt 0.142034 0.083718
vt 0.131876 0.040749
vt 0.123170 0.034835
vt 0.107737 0.083718
vt 0.111268 0.040749
vt 0.033688 0.614642
vt 0.044931 0.759735
vt 0.094818 0.759735
vt 0.123937 0.754679
vt 0.141640 0.731660
vt 0.161915 0.624963
vt 0.313418 0.609154
vt 0.324466 0.428891
vt 0.028916 0.398026
vt 0.016501 0.471170
vt 0.016501 0.503539
vt 0.016501 0.613417
vt 0.016501 0.626825
vt 0.037594 0.746507
vt 0.037594 0.737505
vt 0.013401 0.262438
vt 0.176669 0.266131
vt 0.147259 0.506426
vt 0.169328 0.506426
vt 0.198772 0.737701
vt 0.184244 0.628906
vt 0.388054 0.398592
vt 0.396975 0.428891
vt 0.357217 0.262026
vt 0.333686 0.730445
vt 0.198179 0.612580
vt 0.190003 0.731660
vt 0.198199 0.758625
vt 0.196053 0.883781
vt 0.199893 0.915226
vt 0.276750 0.959054
vt 0.194273 0.959054
vt 0.470694 0.772176
vt 0.497512 0.399861
vt 0.491311 0.613417
vt 0.494136 0.608555
vt 0.494136 0.503539
vt 0.494136 0.476033
vt 0.491035 0.269315
vt 0.494136 0.619948
vt 0.378346 0.754679
vt 0.360644 0.731660
vt 0.377013 0.883781
vt 0.359228 0.959054
vt 0.370534 0.915226
vt 0.296292 0.612580
vt 0.261888 0.760098
vt 0.249580 0.738566
vt 0.256271 0.612392
vt 0.243081 0.731494
vt 0.219727 0.729060
vt 0.243011 0.617066
vt 0.254274 0.506426
vt 0.249212 0.401987
vt 0.212721 0.264249
vt 0.178488 0.260719
vt 0.194831 0.401987
vt 0.177368 0.506426
vt 0.188631 0.617066
vt 0.219727 0.739118
vt 0.196373 0.731494
vt 0.175371 0.612392
vt 0.169113 0.506426
vt 0.181572 0.406662
vt 0.165559 0.506426
vt 0.135036 0.103205
vt 0.132471 0.100520
vt 0.138488 0.082930
vt 0.130343 0.044061
vt 0.123176 0.039192
vt 0.108220 0.100520
vt 0.109343 0.082930
vt 0.113378 0.044061
vt 0.044931 0.772176
vt 0.094818 0.772176
vt 0.094725 0.893737
vt 0.149666 0.893737
vt 0.129742 0.883781
vt 0.094010 0.883781
vt 0.109645 0.883781
vt 0.124942 0.758625
vt 0.140423 0.738494
vt 0.161570 0.731126
vt 0.323503 0.605209
vt 0.334601 0.609726
vt 0.331375 0.428891
vt 0.340801 0.396874
vt 0.013677 0.476033
vt 0.013677 0.503539
vt 0.013677 0.608555
vt 0.013677 0.619948
vt 0.010576 0.269315
vt 0.157148 0.628906
vt 0.175697 0.878095
vt 0.205542 0.743170
vt 0.208796 0.745798
vt 0.178432 0.874348
vt 0.381853 0.608008
vt 0.386164 0.403143
vt 0.393745 0.428891
vt 0.344982 0.398592
vt 0.358562 0.268463
vt 0.182718 0.738494
vt 0.161570 0.740846
vt 0.186192 0.754108
vt 0.188578 0.883781
vt 0.178379 0.915797
vt 0.153758 0.929059
vt 0.132610 0.931410
vt 0.153758 0.938779
vt 0.174905 0.931411
vt 0.190386 0.911280
vt 0.182191 0.938245
vt 0.243329 0.970698
vt 0.160852 0.970698
vt 0.494136 0.608555
vt 0.491311 0.603692
vt 0.491311 0.480895
vt 0.497512 0.400207
vt 0.491311 0.613072
vt 0.332556 0.624963
vt 0.377342 0.758625
vt 0.361861 0.738494
vt 0.375196 0.883781
vt 0.325807 0.970698
vt 0.352831 0.938245
vt 0.369529 0.911280
vt 0.312280 0.731660
vt 0.276637 0.743242
vt 0.275358 0.744487
vt 0.265047 0.760098
vt 0.224980 0.772148
vt 0.222875 0.747285
vt 0.250428 0.506426
vt 0.245971 0.403765
vt 0.210938 0.266763
vt 0.172715 0.616475
vt 0.127766 0.104379
vt 0.130362 0.097208
vt 0.136882 0.083718
vt 0.137733 0.074650
vt 0.124946 0.042273
vt 0.109753 0.097208
vt 0.112889 0.083718
vt 0.122143 0.074650
vt 0.164318 0.883781
vt 0.176488 0.883781
vt 0.185443 0.927239
vt 0.102965 0.927239
vt 0.116125 0.915226
vt 0.111463 0.883781
vt 0.118938 0.883781
vt 0.136949 0.754108
vt 0.117129 0.911280
vt 0.129136 0.915797
vt 0.016501 0.480895
vt 0.016501 0.603692
vt 0.016501 0.613072
vt 0.016501 0.471516
vt 0.188073 0.760098
vt 0.215201 0.760098
vt 0.210113 0.748739
vt 0.258965 0.883781
vt 0.238843 0.772148
vt 0.360317 0.620558
vt 0.379964 0.603456
vt 0.381584 0.407695
vt 0.387824 0.428891
vt 0.336061 0.428891
vt 0.349563 0.403143
vt 0.366518 0.398915
vt 0.158009 0.946671
vt 0.209909 0.959054
vt 0.127431 0.959054
vt 0.485098 0.601857
vt 0.485098 0.482731
vt 0.491299 0.402802
vt 0.485098 0.610476
vt 0.340713 0.731126
vt 0.357522 0.915797
vt 0.367721 0.883781
vt 0.365335 0.754108
vt 0.340713 0.740846
vt 0.354048 0.931411
vt 0.332901 0.938779
vt 0.311753 0.931411
vt 0.332901 0.929059
vt 0.292386 0.959054
vt 0.328650 0.946671
vt 0.294578 0.754679
vt 0.319566 0.738494
vt 0.196170 0.738566
vt 0.239770 0.615288
vt 0.244151 0.506426
vt 0.241295 0.408475
vt 0.194508 0.403765
vt 0.219429 0.397439
vt 0.118459 0.103122
vt 0.130192 0.095472
vt 0.138044 0.085451
vt 0.131896 0.096252
vt 0.122892 0.100726
vt 0.116306 0.096252
vt 0.115996 0.085451
vt 0.113227 0.095472
vt 0.267920 0.927239
vt 0.133827 0.938245
vt 0.028916 0.411421
vt 0.022715 0.601857
vt 0.022715 0.610476
vt 0.028916 0.402802
vt 0.280286 0.883781
vt 0.338781 0.608008
vt 0.361663 0.614121
vt 0.375383 0.598905
vt 0.377403 0.409413
vt 0.383138 0.428891
vt 0.341982 0.428891
vt 0.351452 0.407695
vt 0.363558 0.401345
vt 0.182463 0.755826
vt 0.184302 0.883781
vt 0.304468 0.938245
vt 0.304085 0.758625
vt 0.214038 0.628275
vt 0.235094 0.610579
vt 0.239495 0.506426
vt 0.238240 0.413184
vt 0.177648 0.506426
vt 0.197563 0.408475
vt 0.220239 0.404100
vt 0.120394 0.100340
vt 0.286765 0.915226
vt 0.118399 0.883781
vt 0.135863 0.755826
vt 0.159163 0.743276
vt 0.343362 0.603456
vt 0.360317 0.607685
vt 0.371202 0.597187
vt 0.345212 0.428891
vt 0.349714 0.409413
vt 0.343979 0.428891
vt 0.343513 0.597187
vt 0.357358 0.605255
vt 0.174651 0.914079
vt 0.177869 0.760377
vt 0.178258 0.883781
vt 0.368260 0.883781
vt 0.366421 0.755826
vt 0.343121 0.743276
vt 0.358608 0.914079
vt 0.290606 0.883781
vt 0.188307 0.615288
vt 0.213228 0.621614
vt 0.232039 0.605869
vt 0.239214 0.506426
vt 0.238563 0.414962
vt 0.182305 0.506426
vt 0.202238 0.413184
vt 0.222022 0.406613
vt 0.296272 0.911280
vt 0.128050 0.914079
vt 0.122255 0.883781
vt 0.138269 0.760377
vt 0.158069 0.749712
vt 0.345252 0.598905
vt 0.151351 0.926629
vt 0.170056 0.909528
vt 0.175463 0.764929
vt 0.174402 0.883781
vt 0.364404 0.883781
vt 0.364015 0.760377
vt 0.344215 0.749712
vt 0.319820 0.755826
vt 0.316092 0.754108
vt 0.335308 0.926629
vt 0.356203 0.909528
vt 0.191362 0.610579
vt 0.214038 0.614954
vt 0.232363 0.604091
vt 0.188582 0.506426
vt 0.205480 0.414962
vt 0.215821 0.612440
vt 0.199279 0.604091
vt 0.192427 0.506426
vt 0.130456 0.909528
vt 0.128299 0.883781
vt 0.142863 0.764929
vt 0.159163 0.756149
vt 0.150256 0.920193
vt 0.167650 0.904976
vt 0.176549 0.766647
vt 0.174941 0.883781
vt 0.358360 0.883781
vt 0.359421 0.764929
vt 0.324415 0.760377
vt 0.343121 0.756149
vt 0.302356 0.883781
vt 0.298081 0.883781
vt 0.308279 0.915797
vt 0.312008 0.914079
vt 0.336402 0.920193
vt 0.351608 0.904976
vt 0.196038 0.605869
vt 0.135051 0.904976
vt 0.132575 0.883781
vt 0.146592 0.766647
vt 0.161570 0.758579
vt 0.151351 0.913756
vt 0.168737 0.903258
vt 0.355692 0.766647
vt 0.354084 0.883781
vt 0.308401 0.883781
vt 0.326821 0.764929
vt 0.340713 0.758579
vt 0.316602 0.909528
vt 0.335308 0.913756
vt 0.347880 0.903258
vt 0.138779 0.903258
vt 0.153758 0.911326
vt 0.332901 0.911326
vt 0.317922 0.903258
vt 0.311718 0.883781
vt 0.325734 0.766647
vt 0.312257 0.883781
vt 0.319008 0.904976
vt 0.163259 0.032990
vt 0.148143 0.032990
vt 0.138958 0.037866
vt 0.154074 0.037866
vt 0.190120 0.037866
vt 0.199305 0.032990
vt 0.171522 0.037866
vt 0.157328 0.037866
vt 0.171209 0.037210
vt 0.170342 0.037376
vt 0.143902 0.134187
vt 0.137256 0.137715
vt 0.130413 0.142323
vt 0.145529 0.142323
vt 0.208490 0.037866
vt 0.178328 0.037866
vt 0.174614 0.036557
vt 0.172464 0.036969
vt 0.181575 0.142323
vt 0.193258 0.137715
vt 0.199904 0.134187
vt 0.172093 0.131915
vt 0.177347 0.142323
vt 0.162231 0.142323
vt 0.150548 0.137715
vt 0.137313 0.223638
vt 0.140284 0.137492
vt 0.134472 0.140577
vt 0.142716 0.359843
vt 0.157833 0.359843
vt 0.206550 0.137715
vt 0.213393 0.142323
vt 0.189297 0.142323
vt 0.193879 0.359843
vt 0.193314 0.223638
vt 0.197710 0.140577
vt 0.203522 0.137492
vt 0.178404 0.139596
vt 0.179002 0.142323
vt 0.192602 0.359843
vt 0.179457 0.359843
vt 0.183348 0.226584
vt 0.160335 0.223638
vt 0.146096 0.140577
vt 0.145375 0.359843
vt 0.135139 0.225290
vt 0.142717 0.513383
vt 0.151062 0.513383
vt 0.151799 0.507875
vt 0.154079 0.364493
vt 0.158829 0.367205
vt 0.209334 0.140577
vt 0.216336 0.223638
vt 0.230619 0.359843
vt 0.203983 0.359843
vt 0.204040 0.354196
vt 0.194228 0.219609
vt 0.159319 0.504233
vt 0.161857 0.503867
vt 0.169179 0.507792
vt 0.172163 0.507419
vt 0.171324 0.513383
vt 0.193879 0.513383
vt 0.201376 0.359843
vt 0.198377 0.225290
vt 0.183360 0.226375
vt 0.186226 0.513383
vt 0.174535 0.513383
vt 0.171959 0.359843
vt 0.155272 0.225290
vt 0.144695 0.508353
vt 0.143425 0.359843
vt 0.163761 0.913985
vt 0.172180 0.913985
vt 0.218510 0.225290
vt 0.227960 0.359843
vt 0.225697 0.513383
vt 0.197226 0.513383
vt 0.197377 0.505303
vt 0.202588 0.363685
vt 0.190408 0.913985
vt 0.214923 0.913985
vt 0.188912 0.783084
vt 0.200696 0.508353
vt 0.206663 0.359843
vt 0.193110 0.913985
vt 0.182131 0.913985
vt 0.167717 0.508353
vt 0.166673 0.359843
vt 0.165431 0.780475
vt 0.142522 0.506700
vt 0.140284 0.141562
vt 0.138439 0.223399
vt 0.145479 0.359843
vt 0.145821 0.508592
vt 0.152588 0.514145
vt 0.146776 0.515129
vt 0.138235 0.142579
vt 0.136753 0.224118
vt 0.172946 0.918861
vt 0.182681 0.918861
vt 0.180742 0.917799
vt 0.173537 0.914451
vt 0.229910 0.359843
vt 0.223719 0.508353
vt 0.233294 0.913985
vt 0.206661 0.913985
vt 0.210590 0.783100
vt 0.211386 0.779633
vt 0.198739 0.918861
vt 0.224108 0.918861
vt 0.196403 0.917281
vt 0.198303 0.918611
vt 0.221432 0.780475
vt 0.205759 0.506700
vt 0.203522 0.141562
vt 0.201677 0.223399
vt 0.204089 0.224118
vt 0.205571 0.142579
vt 0.190898 0.915040
vt 0.178723 0.780475
vt 0.162655 0.506700
vt 0.151972 0.223399
vt 0.149560 0.224118
vt 0.172077 0.784003
vt 0.143944 0.359843
vt 0.142225 0.221558
vt 0.136784 0.226024
vt 0.215210 0.223399
vt 0.216896 0.224118
vt 0.225892 0.506700
vt 0.234724 0.780475
vt 0.228078 0.784003
vt 0.210014 0.515129
vt 0.208717 0.359843
vt 0.211279 0.359843
vt 0.205982 0.226024
vt 0.211424 0.221558
vt 0.158400 0.515129
vt 0.164618 0.359843
vt 0.162056 0.359843
vt 0.147667 0.226024
vt 0.168459 0.780698
vt 0.144373 0.359843
vt 0.144136 0.507873
vt 0.143157 0.224253
vt 0.138677 0.227929
vt 0.227856 0.359843
vt 0.229392 0.359843
vt 0.216865 0.226024
vt 0.222593 0.508592
vt 0.215826 0.514145
vt 0.231696 0.780698
vt 0.221638 0.515129
vt 0.209059 0.508592
vt 0.211471 0.507873
vt 0.213571 0.359843
vt 0.206013 0.227929
vt 0.210492 0.224253
vt 0.159355 0.508592
vt 0.156943 0.507873
vt 0.159764 0.359843
vt 0.147637 0.227929
vt 0.144166 0.505967
vt 0.146665 0.359843
vt 0.150539 0.513128
vt 0.141089 0.228649
vt 0.145206 0.225271
vt 0.224278 0.507873
vt 0.228963 0.359843
vt 0.214972 0.227929
vt 0.217875 0.513128
vt 0.213364 0.505967
vt 0.214000 0.359843
vt 0.204327 0.228649
vt 0.208443 0.225271
vt 0.155049 0.505967
vt 0.159335 0.359843
vt 0.149322 0.228649
vt 0.149608 0.510432
vt 0.146060 0.504061
vt 0.149227 0.359843
vt 0.160871 0.359843
vt 0.156705 0.503342
vt 0.152588 0.506720
vt 0.148471 0.503342
vt 0.224248 0.505967
vt 0.226671 0.359843
vt 0.212560 0.228649
vt 0.218806 0.510432
vt 0.213395 0.504061
vt 0.212465 0.359843
vt 0.211709 0.503342
vt 0.215826 0.506720
vt 0.219942 0.503342
vt 0.224108 0.359843
vt 0.155019 0.504061
vt 0.150539 0.507737
vt 0.222354 0.504061
vt 0.217875 0.507737
s 1
usemtl Texture
f 2/1/2 3/2/3 4/3/4 1/4/1
f 2/1/2 1/4/1 5/5/5 6/6/6 7/7/7 8/8/8 9/9/9 10/10/10 11/6/11 12/5/12 13/4/13
f 3/2/3 2/1/2 13/4/13 14/3/14
f 1/4/1 4/11/4 16/12/16 5/5/5
f 4/3/4 3/2/3 24/13/24 15/14/15
f 5/5/5 16/12/16 17/15/17 6/6/6
f 6/6/6 17/15/17 18/16/18 7/7/7
f 7/7/7 18/16/18 19/17/19 8/8/8
f 8/8/8 19/17/19 20/17/20 9/9/9
f 9/9/9 20/17/20 21/18/21 10/10/10
f 10/10/10 21/18/21 22/19/22 11/6/11
f 11/6/11 22/19/22 23/20/23 12/5/12
f 12/5/12 23/20/23 14/11/14 13/4/13
f 3/2/3 14/3/14 27/14/27 24/13/24
f 4/11/4 15/14/15 41/21/41 29/22/29 16/12/16
f 20/17/20 19/17/19 25/23/25 26/23/26
f 15/14/15 24/13/24 37/24/37 46/25/46 28/26/28
f 14/11/14 23/20/23 36/22/36 27/14/27
f 17/15/17 16/12/16 29/22/29 30/27/30
f 18/16/18 17/15/17 30/27/30 31/28/31
f 19/17/19 18/16/18 31/28/31 25/23/25
f 26/23/26 32/29/32 21/18/21 20/17/20
f 26/23/26 25/23/25 33/30/33 34/31/34
f 22/19/22 21/18/21 32/29/32 35/32/35
f 23/20/23 22/19/22 35/32/35 36/22/36
f 24/13/24 27/14/27 45/25/45 37/24/37
f 28/26/28 38/33/38 39/34/39 40/35/40 15/14/15
f 32/29/32 26/23/26 34/31/34 42/36/42
f 25/23/25 31/28/31 57/37/57 33/30/33
f 43/38/43 34/39/34 33/40/33 44/41/44
f 28/26/28 47/42/47 48/43/48 49/44/49 38/33/38
f 50/45/50 15/14/15 40/35/40
f 51/46/51 41/21/41 15/14/15 50/45/50
f 41/21/41 52/47/52 53/48/53 54/49/54 29/22/29
f 29/22/29 55/50/55 87/51/87 56/52/56 30/27/30
f 27/14/27 36/22/36 62/51/62 45/25/45
f 31/28/31 30/27/30 56/52/56 57/37/57
f 35/32/35 32/29/32 42/36/42 58/53/58
f 42/36/42 34/31/34 43/54/43 59/55/59 75/56/75
f 77/57/77 60/58/60 78/58/78 79/57/79 59/57/59 43/59/43 44/59/44 61/60/61 76/57/76
f 33/30/33 61/61/61 44/54/44
f 36/22/36 35/32/35 58/53/58 62/51/62
f 37/24/37 45/25/45 80/62/80 63/63/63
f 46/25/46 37/24/37 63/63/63 64/62/64
f 28/26/28 46/64/46 82/65/82 47/42/47
f 48/43/48 47/42/47 65/66/65
f 52/47/52 41/21/41 51/46/51
f 29/22/29 54/49/54 66/67/66
f 29/22/29 66/67/66 67/68/67 68/69/68 69/70/69 70/71/70 55/50/55
f 57/37/57 56/52/56 71/72/71 72/73/72
f 58/53/58 42/36/42 73/74/73 74/72/74
f 33/30/33 57/37/57 72/73/72 90/75/90 76/76/76 61/61/61
f 46/64/46 64/62/64 107/77/107 87/51/87 81/78/81
f 47/42/47 83/79/83 84/80/84 85/81/85 86/82/86 65/66/65
f 88/83/88 70/71/70 69/70/69
f 70/71/70 89/84/89 87/51/87 55/50/55
f 45/25/45 62/51/62 92/77/92 80/62/80
f 56/52/56 87/51/87 107/77/107 71/72/71
f 72/73/72 71/72/71 108/85/108 91/86/91
f 62/51/62 58/53/58 74/72/74 92/77/92
f 75/56/75 111/87/111 138/88/138 73/74/73 42/36/42
f 74/72/74 73/74/73 112/86/112 93/89/93
f 59/57/59 79/57/79 113/90/113 111/90/111 75/91/75
f 77/57/77 94/57/94 95/58/95 60/58/60
f 60/58/60 96/92/96 97/92/97 78/58/78
f 63/63/63 80/62/80 124/93/124 98/94/98
f 64/62/64 63/63/63 98/94/98 99/93/99
f 46/64/46 81/78/81 126/95/126 82/65/82
f 47/42/47 82/65/82 127/96/127 83/79/83
f 84/80/84 83/79/83 100/97/100
f 101/98/101 102/99/102 70/71/70 88/83/88 103/100/103
f 89/84/89 70/71/70 102/99/102 104/101/104
f 90/75/90 72/73/72 105/102/105 106/87/106
f 72/73/72 91/86/91 137/103/137 109/104/109 164/105/164 105/102/105
f 92/77/92 74/72/74 93/89/93 110/106/110
f 114/90/114 115/90/115 94/57/94 77/57/77
f 95/58/95 94/57/94 116/107/116 117/108/117
f 60/58/60 95/58/95 118/92/118 96/92/96
f 96/92/96 119/109/119 120/110/120 97/92/97
f 97/92/97 121/111/121 122/108/122 78/58/78
f 78/58/78 122/108/122 123/107/123 79/57/79
f 99/112/99 125/106/125 107/77/107 64/62/64
f 81/78/81 87/51/87 89/84/89 126/95/126
f 83/79/83 128/113/128 129/114/129 130/115/130 100/97/100
f 131/116/131 132/117/132 102/99/102 101/98/101 133/118/133
f 104/101/104 134/119/134 126/95/126 89/84/89
f 80/62/80 92/77/92 110/120/110 124/93/124
f 106/90/106 114/90/114 77/57/77 76/57/76 90/121/90
f 106/90/106 105/122/105 164/123/164 207/124/207 143/124/143 114/90/114
f 71/72/71 107/77/107 125/106/125 108/85/108
f 135/125/135 91/86/91 108/85/108 136/126/136
f 210/127/210 139/128/139 174/103/174 112/86/112 73/74/73 138/88/138
f 112/86/112 140/129/140 212/130/212 175/131/175 93/89/93
f 110/106/110 93/89/93 175/131/175 141/132/141
f 79/57/79 123/107/123 142/133/142 113/90/113
f 143/124/143 144/124/144 115/90/115 114/90/114
f 94/57/94 115/90/115 145/134/145 116/107/116
f 118/92/118 95/58/95 117/108/117 146/135/146
f 117/108/117 116/107/116 147/136/147 148/137/148
f 96/92/96 118/92/118 149/109/149 119/109/119
f 119/109/119 150/138/150 151/138/151 120/110/120
f 120/110/120 152/139/152 121/111/121 97/92/97
f 121/111/121 153/140/153 154/137/154 122/108/122
f 122/108/122 154/137/154 155/141/155 123/107/123
f 98/142/98 124/112/124 171/143/171 156/144/156
f 99/112/99 98/142/98 156/144/156 157/143/157
f 125/106/125 99/112/99 157/143/157 158/132/158
f 82/65/82 126/95/126 134/119/134 127/96/127
f 83/79/83 127/96/127 199/145/199 128/113/128
f 129/114/129 128/113/128 159/146/159
f 160/147/160 132/148/132 131/149/131
f 102/99/102 132/117/132 203/150/203 204/151/204 205/152/205 206/153/206 161/154/161
f 104/101/104 102/99/102 161/154/161 162/155/162
f 134/119/134 104/101/104 162/155/162 163/156/163
f 319/157/318 165/158/165 166/159/166 135/160/135 136/161/136 168/162/168 261/163/261
f 135/125/135 166/164/166 167/165/167 91/86/91
f 136/126/136 108/85/108 198/131/198 262/166/262 168/167/168
f 169/168/169 137/103/137 91/86/91 167/165/167
f 109/104/109 137/103/137 209/169/209 170/170/170
f 124/112/124 110/106/110 141/132/141 171/143/171
f 138/171/138 111/90/111 113/90/113 172/172/172 264/172/264 173/173/173 210/174/210
f 140/129/140 112/86/112 174/103/174 176/175/176
f 123/107/123 155/141/155 177/176/177 142/133/142
f 113/90/113 142/133/142 178/177/178 172/172/172
f 179/178/179 180/178/180 144/124/144 143/124/143
f 115/90/115 144/124/144 181/177/181 145/134/145
f 116/107/116 145/134/145 182/176/182 147/136/147
f 149/109/149 118/92/118 146/135/146 183/139/183
f 146/135/146 117/108/117 148/137/148 184/140/184
f 119/109/119 149/109/149 186/138/186 150/138/150
f 151/138/151 150/138/150 228/179/228 342/179/340 229/180/229 288/181/287 187/182/187 289/183/288 346/179/344 230/179/230
f 151/138/151 188/184/188 152/139/152 120/110/120
f 152/139/152 189/185/189 153/140/153 121/111/121
f 190/186/190 191/187/191 192/188/192 193/189/193 194/190/194 195/191/195 177/176/177 155/141/155 154/137/154 153/140/153 189/185/189 196/192/196 197/193/197
f 158/132/158 198/131/198 108/85/108 125/106/125
f 128/113/128 200/194/200 201/195/201 159/146/159
f 202/196/202 132/148/132 160/147/160
f 163/156/163 199/145/199 127/96/127 134/119/134
f 164/105/164 109/104/109 170/170/170 219/197/219 207/198/207
f 322/199/321 383/200/380 463/201/457 325/202/324 208/203/208 169/204/169 167/205/167 166/159/166 165/158/165
f 169/168/169 208/206/208 213/207/213 174/103/174 137/103/137
f 174/103/174 139/128/139 265/208/265 211/209/211
f 325/202/324 268/210/268 266/211/266 216/212/216 270/213/216 326/214/216 269/215/269 214/216/214 215/217/215 267/218/267 212/219/212 140/220/140 176/221/176 213/222/213 208/203/208
f 176/175/176 174/103/174 213/207/213
f 214/223/214 141/132/141 175/131/175 215/224/215
f 270/225/216 216/226/216 271/227/270 171/143/171 141/132/141
f 142/133/142 177/176/177 195/191/195 178/177/178
f 172/172/172 178/177/178 217/228/217 218/178/218
f 179/178/179 143/124/143 207/124/207 219/229/219 274/230/273 330/178/328
f 220/231/220 221/231/221 180/178/180 179/178/179
f 144/124/144 180/178/180 222/228/222 181/177/181
f 145/134/145 181/177/181 223/191/223 182/176/182
f 186/138/186 149/109/149 183/139/183 224/184/224
f 183/139/183 146/135/146 184/140/184 225/185/225
f 150/138/150 186/138/186 227/179/227 228/179/228
f 230/179/230 231/232/231 188/184/188 151/138/151
f 188/184/188 232/233/232 189/185/189 152/139/152
f 190/186/190 197/193/197 233/234/233 234/235/234
f 191/187/191 190/186/190 234/235/234 235/236/235
f 192/188/192 191/187/191 235/236/235 236/237/236
f 196/192/196 189/185/189 232/233/232 237/238/237 238/239/238 239/240/239 193/189/193 192/188/192 240/241/240 241/242/241 242/243/242
f 217/228/217 194/190/194 193/189/193 243/244/243
f 178/177/178 195/191/195 194/190/194 217/228/217
f 197/193/197 196/192/196 244/245/244 233/234/233
f 245/246/245 156/144/156 171/143/171 246/247/246
f 247/248/247 157/143/157 156/144/156 248/249/248
f 158/132/158 157/143/157 307/247/306 249/250/249 308/251/307
f 198/131/198 158/132/158 310/252/309 250/253/250 309/254/308
f 199/145/199 251/255/251 200/194/200 128/113/128
f 203/256/203 132/148/132 202/196/202
f 252/257/252 206/258/206 205/259/205
f 206/153/206 253/260/253 254/261/254 255/262/255 256/263/256 257/264/257 161/154/161
f 162/155/162 161/154/161 257/264/257 258/265/258
f 163/156/163 162/155/162 258/265/258 259/266/259
f 199/145/199 163/156/163 259/266/259 260/267/260
f 170/170/170 209/169/209 323/268/322 263/269/263
f 137/103/137 174/103/174 211/209/211 209/169/209
f 173/270/173 139/128/139 210/127/210
f 267/271/267 175/131/175 212/130/212
f 269/252/269 141/132/141 214/223/214
f 215/224/215 175/131/175 267/271/267
f 218/178/218 217/228/217 243/244/243 273/272/272
f 276/273/275 277/273/276 221/231/221 220/231/220
f 180/178/180 221/231/221 278/244/277 222/228/222
f 181/177/181 222/228/222 279/190/278 223/191/223
f 227/179/227 186/138/186 224/184/224 281/232/280
f 224/184/224 183/139/183 225/185/225 282/233/281
f 185/274/185 284/275/283 285/276/284 226/193/226
f 228/179/228 227/179/227 286/277/285 287/277/286
f 290/277/289 291/278/290 231/232/231 230/179/230
f 231/232/231 237/238/237 232/233/232 188/184/188
f 233/234/233 292/279/291 293/280/292 234/235/234
f 234/235/234 293/280/292 294/281/293 235/236/235
f 240/241/240 192/188/192 236/237/236 295/282/294
f 235/236/235 294/281/293 296/283/295 236/237/236
f 196/192/196 242/243/242 297/284/296 244/245/244
f 291/278/290 238/239/238 237/238/237 231/232/231
f 298/285/297 239/240/239 238/239/238 291/278/290
f 243/244/243 193/189/193 239/240/239 298/285/297
f 241/242/241 240/241/240 295/282/294 299/286/298
f 242/243/242 241/242/241 299/286/298 297/284/296
f 244/245/244 300/287/299 292/279/291 233/234/233
f 266/211/266 301/288/300 302/289/301 303/290/302 245/291/245 246/292/246 271/293/270 216/212/216
f 303/294/302 156/144/156 245/246/245
f 246/247/246 171/143/171 271/227/270
f 304/290/303 303/290/302 302/289/301 305/288/304 306/211/305 249/295/249 307/292/306 247/296/247 248/297/248
f 307/247/306 157/143/157 247/248/247
f 248/249/248 156/144/156 304/294/303
f 199/145/199 260/267/260 311/298/310 312/299/311 313/300/312 251/255/251
f 314/301/313 206/258/206 252/257/252
f 206/258/206 315/302/314 253/303/253
f 316/304/315 257/264/257 256/263/256 317/305/316
f 262/166/262 198/131/198 320/306/319
f 219/197/219 170/170/170 274/307/273
f 173/270/173 264/308/264 272/309/271 265/208/265 139/128/139
f 326/310/216 141/311/141 269/312/269
f 270/225/216 141/132/141 326/313/216
f 327/178/325 272/314/271 264/172/264 172/172/172 218/178/218
f 218/178/218 273/272/272 392/272/389 328/315/326 327/178/325
f 273/272/272 243/244/243 298/285/297 329/273/327
f 331/231/329 220/231/220 179/178/179 330/178/328 275/316/274
f 331/231/329 332/317/330 529/318/523 600/319/594 466/320/460 393/273/390 276/273/275 220/231/220
f 287/277/286 286/277/285 277/273/276 276/273/275
f 221/231/221 277/273/276 333/285/331 278/244/277
f 222/228/222 278/244/277 334/189/332 279/190/278
f 334/189/332 335/188/333 280/187/279 185/274/185 226/193/226 283/321/282 225/185/225 184/140/184 148/137/148 147/136/147 182/176/182 223/191/223 279/190/278
f 280/187/279 336/322/334 284/275/283 185/274/185
f 286/277/285 227/179/227 281/232/280 337/323/335
f 281/232/280 224/184/224 282/233/281 338/238/336
f 226/193/226 285/276/284 339/245/337 283/321/282
f 285/276/284 284/275/283 340/324/338 341/325/339
f 229/180/229 344/326/342 288/181/287
f 288/181/287 344/326/342 345/327/343 187/182/187
f 187/328/187 345/329/343 289/330/288
f 481/331/475 544/332/538 477/333/471 343/334/341 342/179/340 228/179/228 287/277/286 405/277/402 541/335/535 603/336/597 347/277/345 290/277/289 230/179/230 346/179/344
f 329/273/327 298/285/297 291/278/290 290/277/289
f 292/279/291 348/337/346 349/338/347 293/280/292
f 293/280/292 349/338/347 350/339/348 294/281/293
f 236/237/236 296/283/295 351/340/349 295/282/294
f 294/281/293 350/339/348 352/341/350 296/283/295
f 297/284/296 353/342/351 300/287/299 244/245/244
f 295/282/294 351/340/349 354/343/352 299/286/298
f 299/286/298 354/343/352 353/342/351 297/284/296
f 300/287/299 355/344/353 348/337/346 292/279/291
f 356/345/354 357/346/355 301/288/300 266/211/266 358/347/356 359/348/356 360/349/357
f 361/350/358 302/289/301 301/288/300 362/351/359
f 304/352/303 156/352/156 303/352/302
f 305/288/304 302/289/301 361/350/358 363/353/360 427/353/423
f 306/211/305 305/288/304 364/354/361 365/355/362 366/356/363 367/357/364 368/358/365
f 249/295/249 306/211/305 445/359/439 321/360/320 250/361/250 310/215/309 308/362/307
f 310/252/309 158/132/158 308/251/307
f 320/306/319 198/131/198 309/254/308
f 250/361/250 321/360/320 318/363/317 261/163/261 168/162/168 262/364/262 320/365/319 309/366/308
f 311/298/310 260/267/260 369/367/366 370/368/367
f 312/369/311 311/370/310 371/371/368
f 315/302/314 206/258/206 314/301/313
f 257/264/257 316/304/315 372/372/369 373/373/370 374/374/371 375/375/372 376/376/373
f 258/265/258 257/264/257 376/376/373 377/377/374
f 259/266/259 258/265/258 377/377/374 378/378/375
f 260/267/260 259/266/259 378/378/375 369/367/366
f 318/363/317 379/379/376 380/380/377 261/163/261
f 261/163/261 380/380/377 381/381/378 319/157/318
f 165/158/165 319/157/318 382/382/379 322/199/321
f 263/269/263 323/268/322 452/383/446 384/384/381
f 275/385/274 263/269/263 453/386/447 332/387/330 331/388/329
f 274/307/273 170/170/170 263/269/263 275/385/274 330/389/328
f 385/390/382 324/391/323 211/209/211 265/208/265
f 324/391/323 323/268/322 209/169/209 211/209/211
f 358/347/356 266/211/266 268/210/268 386/392/383 387/393/384 388/394/385 389/395/386
f 390/396/387 268/210/268 325/202/324 391/397/388
f 265/208/265 272/309/271 327/389/325 328/398/326
f 273/272/272 329/273/327 465/273/459 514/399/508 392/272/389
f 287/277/286 276/273/275 393/273/390 394/400/391 530/401/524 405/277/402
f 277/273/276 286/277/285 337/323/335 333/285/331
f 278/244/277 333/285/331 395/240/392 334/189/332
f 335/188/333 396/237/393 336/322/334 280/187/279
f 284/275/283 336/322/334 397/402/394 340/324/338
f 337/323/335 281/232/280 338/238/336 398/239/395
f 339/245/337 285/276/284 341/325/339 400/287/397
f 283/321/282 339/245/337 401/403/398 399/404/396
f 341/325/339 340/324/338 402/405/399 403/337/400
f 229/406/229 342/407/340 343/408/341 543/409/537 384/384/381 404/410/401 344/411/342
f 345/412/343 344/411/342 404/410/401 406/413/403
f 406/413/403 480/414/474 481/415/475 346/407/344 289/416/288 345/412/343
f 347/277/345 407/417/404 465/273/459 329/273/327 290/277/289
f 408/418/405 409/419/406 349/338/347 348/337/346
f 409/419/406 410/420/407 350/339/348 349/338/347
f 296/283/295 352/341/350 411/421/408 351/340/349
f 410/420/407 412/422/409 352/341/350 350/339/348
f 353/342/351 413/423/410 355/344/353 300/287/299
f 351/340/349 411/421/408 414/424/411 354/343/352
f 354/343/352 414/424/411 413/423/410 353/342/351
f 415/425/412 408/418/405 348/337/346 355/344/353
f 360/349/357 416/426/413 417/427/414 418/428/415 356/345/354
f 419/429/416 420/430/417 357/346/355 356/345/354 418/428/415 421/431/418
f 362/351/359 301/288/300 357/346/355 422/432/419
f 389/395/386 423/433/119 359/348/356 358/347/356
f 359/348/356 423/433/119 424/434/420 416/426/413 360/349/357
f 362/351/359 425/435/421 426/436/422 361/350/358
f 436/437/431 428/438/424 445/359/439 306/211/305 368/358/365
f 429/432/425 364/354/361 305/288/304 427/353/423
f 365/355/362 364/354/361 430/439/426 431/440/427 432/441/428
f 433/442/429 366/356/363 365/355/362 432/441/428 434/443/430
f 366/356/363 433/442/429 435/444/119 367/357/364
f 367/357/364 435/444/119 563/445/557 436/437/431 368/358/365
f 437/446/432 311/298/310 370/368/367 438/447/433 439/448/434 440/449/435
f 369/367/366 378/378/375 444/450/438 370/368/367
f 371/371/368 311/370/310 437/451/432
f 441/352/436 442/352/437 375/352/372 374/352/371 443/352/436
f 375/375/372 442/452/437 444/450/438 376/376/373
f 376/376/373 444/450/438 378/378/375 377/377/374
f 321/360/320 445/359/439 428/438/424 446/453/440 318/363/317
f 446/453/440 447/454/441 379/379/376 318/363/317
f 379/379/376 448/455/442 449/456/443 380/380/377
f 380/380/377 449/456/443 450/457/444 381/381/378
f 319/157/318 381/381/378 451/458/445 382/382/379
f 322/199/321 382/382/379 512/459/506 513/460/507 383/200/380
f 263/269/263 384/384/381 543/409/537 394/461/391 393/462/390 466/463/460 453/386/447
f 328/398/326 392/464/389 514/465/508 385/390/382 265/208/265
f 324/391/323 385/390/382 480/414/474 454/466/448
f 323/268/322 324/391/323 454/466/448 452/383/446
f 386/392/383 268/210/268 390/396/387 455/467/449 515/467/509
f 387/393/384 386/392/383 456/468/450 457/469/451 458/470/452 459/471/453
f 388/394/385 387/393/384 459/471/453 516/472/510 460/473/454
f 388/394/385 460/473/454 423/433/119 389/395/386
f 391/397/388 461/474/455 462/475/456 390/396/387
f 391/397/388 325/202/324 463/201/457 464/476/458
f 333/285/331 337/323/335 398/239/395 395/240/392
f 467/241/461 468/282/462 396/237/393 335/188/333
f 336/322/334 396/237/393 469/283/463 397/402/394
f 340/324/338 397/402/394 470/339/464 402/405/399
f 398/239/395 338/238/336 282/233/281 225/185/225 283/321/282 399/404/396 471/477/465 467/241/461 335/188/333 334/189/332 395/240/392
f 401/403/398 339/245/337 400/287/397 472/342/466
f 400/287/397 341/325/339 403/337/400 473/344/467
f 399/404/396 401/403/398 474/286/468 471/477/465
f 475/418/469 403/337/400 402/405/399 476/478/470
f 406/413/403 404/410/401 478/479/472 479/480/473
f 407/481/404 347/482/345 603/483/597 542/484/536 480/414/474 385/390/382
f 410/420/407 409/419/406 408/418/405 415/425/412 482/485/476 483/486/477 484/487/478 412/422/409
f 412/422/409 484/487/478 411/421/408 352/341/350
f 482/485/476 415/425/412 355/344/353 413/423/410
f 484/487/478 483/486/477 414/424/411 411/421/408
f 483/486/477 482/485/476 413/423/410 414/424/411
f 416/426/413 485/488/479 486/489/480 417/427/414
f 418/428/415 417/427/414 487/490/481 421/431/418
f 421/431/418 487/490/481 548/491/542 490/492/484 419/429/416
f 488/493/482 489/494/483 420/430/417 419/429/416 490/492/484
f 422/432/419 357/346/355 420/430/417 491/495/485
f 422/432/419 492/496/486 425/435/421 362/351/359
f 423/433/119 460/473/454 493/497/487 424/434/420
f 424/434/420 494/498/488 485/488/479 416/426/413
f 426/436/422 425/435/421 495/499/489 496/500/490
f 361/350/358 426/436/422 497/501/491 363/353/360
f 363/353/360 497/501/491 564/496/558 429/432/425 427/353/423
f 498/502/492 430/439/426 364/354/361 429/432/425
f 431/440/427 430/439/426 499/503/493 500/504/494 501/505/495 502/506/496
f 432/441/428 431/440/427 502/506/496 567/507/561 434/443/430
f 433/442/429 434/443/430 503/508/497 504/509/498
f 435/444/119 433/442/429 504/509/498 505/510/499
f 370/368/367 444/450/438 442/452/437 438/447/433
f 439/352/434 438/352/433 442/352/437 441/352/436
f 506/511/500 507/512/501 447/454/441 446/453/440
f 447/454/441 508/513/502 448/455/442 379/379/376
f 582/514/576 661/515/654 827/516/819 902/517/893 743/518/735 821/519/813 749/520/741 662/521/655 583/522/577 510/523/504 450/457/444 449/456/443 509/524/503
f 381/381/378 450/457/444 510/523/504 451/458/445
f 382/382/379 451/458/445 511/525/505 512/459/506
f 384/384/381 452/383/446 478/479/472 404/410/401
f 515/467/509 517/526/511 586/527/580 456/468/450 386/392/383
f 457/469/451 456/468/450 518/528/512 519/529/513 520/530/514 521/531/515
f 458/470/452 457/469/451 521/531/515 587/532/581 670/533/663 522/534/516
f 458/470/452 522/534/516 516/472/510 459/471/453
f 464/476/458 523/535/517 461/474/455 391/397/388
f 461/474/455 524/536/518 525/537/519 462/475/456
f 390/396/387 462/475/456 526/538/520 455/467/449
f 464/476/458 463/201/457 527/539/521 528/540/522
f 383/200/380 513/460/507 597/541/591 690/542/683 527/539/521 463/201/457
f 332/317/330 453/543/447 529/318/523
f 471/477/465 474/286/468 468/282/462 467/241/461
f 396/237/393 468/282/462 531/340/525 469/283/463
f 397/402/394 469/283/463 532/341/526 470/339/464
f 476/478/470 402/405/399 470/339/464 533/420/527
f 474/286/468 401/403/398 472/342/466 534/343/528
f 472/342/466 400/287/397 473/344/467 535/423/529
f 536/425/530 473/344/467 403/337/400 475/418/469
f 533/420/527 537/422/531 538/487/532 539/486/533 540/485/534 536/425/530 475/418/469 476/478/470
f 542/544/536 543/545/537 343/334/341 477/333/471
f 406/413/403 479/480/473 454/466/448 480/414/474
f 479/480/473 478/479/472 452/383/446 454/466/448
f 385/390/382 514/465/508 465/462/459 407/481/404
f 485/488/479 545/546/539 546/547/540 486/489/480
f 417/427/414 486/489/480 547/548/541 487/490/481
f 490/492/484 548/491/542 549/549/543 550/550/544 488/493/482
f 551/551/545 552/552/546 489/494/483 488/493/482 550/550/544 553/553/547
f 491/495/485 420/430/417 489/494/483 554/554/548
f 491/495/485 555/555/549 492/496/486 422/432/419
f 425/435/421 492/496/486 556/556/550 495/499/489
f 460/473/454 516/472/510 557/557/551 493/497/487
f 493/497/487 558/558/552 494/498/488 424/434/420
f 494/498/488 559/559/553 545/546/539 485/488/479
f 497/501/491 426/436/422 496/500/490 560/499/554
f 496/500/490 495/499/489 561/560/555 562/561/556
f 436/437/431 563/445/557 652/562/557 577/563/571 506/511/500 446/453/440 428/438/424
f 429/432/425 564/496/558 565/564/559 498/502/492
f 498/502/492 566/565/560 637/565/631 499/503/493 430/439/426
f 500/504/494 499/503/493 568/552/562 569/566/563 570/567/564
f 501/505/495 500/504/494 570/567/564 638/568/632 644/569/638 571/570/565
f 434/443/430 567/507/561 572/571/566 503/508/497
f 503/508/497 573/572/567 574/573/568 504/509/498
f 575/574/569 577/563/571 652/562/557 435/444/119 505/510/499 649/575/643
f 504/509/498 574/573/568 576/576/570 505/510/499
f 578/577/572 579/578/573 507/512/501 506/511/500
f 507/512/501 580/579/574 508/513/502 447/454/441
f 451/458/445 510/523/504 583/522/577 511/525/505
f 512/459/506 511/525/505 584/580/578 585/581/579
f 455/467/449 526/538/520 665/582/658 517/526/511 515/467/509
f 586/527/580 667/583/660 753/583/745 518/528/512 456/468/450
f 519/529/513 518/528/512 668/584/661 754/585/746 588/586/582
f 520/530/514 519/529/513 588/586/582 669/587/662 589/588/583
f 521/531/515 520/530/514 589/588/583 590/589/584 587/532/581
f 516/472/510 522/534/516 591/590/585 557/557/551
f 528/540/522 592/538/586 523/535/517 464/476/458
f 523/535/517 593/591/587 524/536/518 461/474/455
f 524/536/518 594/592/588 595/593/589 525/537/519
f 462/475/456 525/537/519 596/594/590 526/538/520
f 528/540/522 527/539/521 598/595/592 599/596/593
f 529/318/523 453/543/447 600/319/594
f 600/319/594 453/543/447 466/320/460
f 394/400/391 543/545/537 530/401/524
f 530/401/524 543/545/537 542/544/536 541/335/535 405/277/402
f 468/282/462 474/286/468 534/343/528 531/340/525
f 469/283/463 531/340/525 601/421/595 532/341/526
f 533/420/527 470/339/464 532/341/526 537/422/531
f 534/343/528 472/342/466 535/423/529 602/424/596
f 540/485/534 535/423/529 473/344/467 536/425/530
f 537/422/531 532/341/526 601/421/595 538/487/532
f 538/487/532 601/421/595 602/424/596 539/486/533
f 539/486/533 602/424/596 535/423/529 540/485/534
f 542/544/536 477/333/471 544/332/538
f 480/414/474 542/484/536 544/597/538 481/415/475
f 486/489/480 546/547/540 605/598/599 547/548/541
f 487/490/481 547/548/541 606/599/600 548/491/542
f 548/491/542 606/599/600 607/600/601 549/549/543
f 550/550/544 549/549/543 608/601/602 609/602/603 553/553/547
f 610/603/604 611/604/605 612/605/606 613/606/607 551/551/545 553/553/547 609/602/603 614/607/608
f 551/551/545 613/606/607 708/608/700 641/609/635 640/610/634 552/552/546
f 709/611/701 615/611/609 554/554/548 489/494/483 552/552/546
f 554/554/548 616/612/610 555/555/549 491/495/485
f 492/496/486 555/555/549 617/613/611 556/556/550
f 495/499/489 556/556/550 618/614/612 561/560/555
f 557/557/551 619/615/613 558/558/552 493/497/487
f 558/558/552 620/616/614 559/559/553 494/498/488
f 559/559/553 621/617/615 604/618/598 696/619/689 787/620/779 866/621/858 867/622/859 788/623/780 698/624/691 697/625/690 605/598/599 546/547/540 545/546/539
f 564/496/558 497/501/491 560/499/554 622/556/616
f 560/499/554 496/500/490 562/561/556 623/560/617
f 624/626/618 625/627/619 626/628/620 562/561/556 561/560/555 618/614/612 627/629/621 628/630/622 629/631/623 630/632/624 631/631/625 632/633/626 633/634/627
f 565/564/559 564/496/558 622/556/616 634/635/628
f 498/502/492 565/564/559 635/636/629 566/565/560
f 567/507/561 502/506/496 501/505/495 571/570/565 636/637/630
f 639/611/633 568/552/562 499/503/493 637/565/631
f 569/566/563 568/552/562 640/610/634 641/609/635 642/638/636
f 642/638/636 643/639/637 638/568/632 570/567/564 569/566/563
f 645/640/639 731/641/723 889/642/880 812/643/804 891/644/882 960/645/951 732/646/724 572/571/566 567/507/561 636/637/630
f 572/571/566 646/647/640 573/572/567 503/508/497
f 573/572/567 647/648/641 648/649/642 574/573/568
f 574/573/568 648/649/642 650/650/644 576/576/570
f 505/510/499 576/576/570 651/651/645 649/575/643
f 563/445/557 435/444/119 652/562/557
f 577/563/571 575/574/569 653/652/646 578/577/572 506/511/500
f 654/653/647 655/654/648 579/578/573 578/577/572
f 579/578/573 656/655/649 580/579/574 507/512/501
f 509/524/503 581/656/575 658/657/651 659/658/652
f 582/514/576 509/524/503 659/658/652 660/659/653
f 511/525/505 583/522/577 662/521/655 584/580/578
f 513/460/507 512/459/506 585/581/579 597/541/591
f 585/581/579 584/580/578 663/660/656 664/661/657
f 517/526/511 665/582/658 666/662/659 667/583/660 586/527/580
f 522/534/516 670/533/663 671/663/664 672/664/665 673/665/666 591/590/585
f 591/590/585 674/666/667 619/615/613 557/557/551
f 599/596/593 675/582/668 592/538/586 528/540/522
f 592/538/586 676/667/669 593/591/587 523/535/517
f 593/591/587 677/593/670 594/592/588 524/536/518
f 678/668/671 679/669/672 680/670/673 681/671/674 682/672/675 683/673/676 684/674/677 685/675/678 686/676/679 595/593/589 594/592/588 687/677/680 688/678/681
f 525/537/519 595/593/589 686/676/679 596/594/590
f 526/538/520 596/594/590 689/679/682 665/582/658
f 691/680/684 598/595/592 527/539/521 690/542/683 692/681/685 693/682/686 694/683/687
f 599/596/593 598/595/592 782/528/774 860/583/852 695/583/688
f 531/340/525 534/343/528 602/424/596 601/421/595
f 541/335/535 542/544/536 603/336/597
f 547/548/541 605/598/599 697/625/690 606/599/600
f 606/599/600 697/625/690 698/624/691 607/600/601
f 549/549/543 607/600/601 699/684/692 608/601/602
f 609/602/603 608/601/602 700/685/693 614/607/608
f 614/607/608 700/685/693 673/665/666 672/664/665 701/686/694 702/687/694 703/688/695 610/603/604
f 703/688/695 611/604/605 610/603/604
f 611/604/605 704/689/696 705/690/697 612/605/606
f 613/606/607 612/605/606 706/691/698 707/692/699 708/608/700
f 615/611/609 710/693/702 616/612/610 554/554/548
f 555/555/549 616/612/610 711/694/703 617/613/611
f 556/556/550 617/613/611 627/629/621 618/614/612
f 619/615/613 712/695/704 620/616/614 558/558/552
f 622/556/616 560/499/554 623/560/617 713/696/705
f 626/628/620 714/627/706 715/626/707 716/634/708 632/633/626 631/631/625 717/630/709 718/626/710 713/696/705 623/560/617 562/561/556
f 633/634/627 719/697/711 720/698/712 624/626/618
f 624/626/618 720/698/712 721/699/713 625/627/619
f 625/627/619 721/699/713 722/700/714 626/628/620
f 617/613/611 711/694/703 628/630/622 627/629/621
f 711/694/703 723/701/715 629/631/623 628/630/622
f 723/701/715 724/702/716 630/632/624 629/631/623
f 724/702/716 725/701/717 631/631/625 630/632/624
f 632/633/626 726/703/718 719/697/711 633/634/627
f 635/636/629 565/564/559 634/635/628 727/694/719
f 634/635/628 622/556/616 713/696/705 718/626/710
f 566/565/560 635/636/629 728/693/720 639/611/633 637/565/631
f 729/704/721 640/610/634 568/552/562 639/611/633
f 707/692/699 730/705/722 643/639/637 642/638/636 641/609/635 708/608/700
f 571/570/565 644/569/638 806/706/798 645/640/639 636/637/630
f 732/646/724 733/707/725 646/647/640 572/571/566
f 646/647/640 734/708/726 647/648/641 573/572/567
f 575/574/569 649/575/643 736/709/728 653/652/646
f 576/576/570 650/650/644 738/710/730 651/651/645
f 649/575/643 651/651/645 739/711/731 740/712/732
f 741/713/733 742/714/734 655/654/648 654/653/647
f 655/654/648 743/518/735 656/655/649 579/578/573
f 581/656/575 657/715/650 744/716/736 658/657/651
f 658/657/651 745/717/737 746/718/738 659/658/652
f 661/515/654 582/514/576 660/659/653 747/719/739
f 659/658/652 746/718/738 748/720/740 660/659/653
f 584/580/578 662/521/655 749/520/741 663/660/656
f 597/541/591 585/581/579 664/661/657 692/681/685 690/542/683
f 664/661/657 663/660/656 742/714/734 741/713/733
f 665/582/658 689/679/682 750/721/742 666/662/659
f 667/583/660 666/662/659 751/722/743 752/723/744 753/583/745
f 752/723/744 668/584/661 518/528/512 753/583/745
f 669/587/662 756/724/748 757/725/749 589/588/583
f 589/588/583 757/725/749 758/726/750 590/589/584
f 673/665/666 760/727/752 674/666/667 591/590/585
f 674/666/667 761/728/753 712/695/704 619/615/613
f 695/583/688 762/662/754 675/582/668 599/596/593
f 675/582/668 763/679/755 676/667/669 592/538/586
f 676/667/669 764/676/756 677/593/670 593/591/587
f 687/677/680 594/592/588 677/593/670 764/676/756 765/675/757 766/674/758 681/671/674 680/670/673 767/669/759 768/668/760 769/729/761
f 678/668/671 688/678/681 770/730/762 771/731/763
f 679/669/672 678/668/671 771/731/763 772/732/764
f 680/670/673 679/669/672 772/732/764 773/733/765
f 774/734/766 682/672/675 681/671/674 775/735/767
f 776/735/768 683/673/676 682/672/675 774/734/766
f 750/721/742 684/674/677 683/673/676 776/735/768
f 689/679/682 685/675/678 684/674/677 750/721/742
f 596/594/590 686/676/679 685/675/678 689/679/682
f 688/678/681 687/677/680 777/736/769 770/730/762
f 778/737/770 740/712/732 779/738/771 780/739/772 691/680/684 694/683/687
f 781/740/773 782/528/774 598/595/592 691/680/684 780/739/772 783/741/775
f 692/681/685 664/661/657 741/713/733 693/682/686
f 696/619/689 604/618/598 784/742/776 785/743/777
f 604/618/598 621/617/615 786/744/778 784/742/776
f 607/600/601 698/624/691 788/623/780 699/684/692
f 608/601/602 699/684/692 789/745/781 700/685/693
f 700/685/693 789/745/781 760/727/752 673/665/666
f 701/686/694 611/604/605 702/687/694
f 702/687/694 611/604/605 703/688/695
f 759/746/751 790/747/782 704/689/696 611/604/605
f 704/689/696 791/748/783 792/749/784 705/690/697
f 612/605/606 705/690/697 793/750/785 706/691/698
f 794/751/786 707/692/699 706/691/698 795/752/787
f 709/611/701 552/552/546 640/610/634 729/704/721
f 729/704/721 796/753/788 710/693/702 615/611/609 709/611/701
f 616/612/610 710/693/702 723/701/715 711/694/703
f 626/628/620 722/700/714 798/754/790 714/627/706
f 714/627/706 798/754/790 799/698/791 715/626/707
f 715/626/707 799/698/791 800/755/792 716/634/708
f 716/634/708 800/755/792 726/703/718 632/633/626
f 725/701/717 727/694/719 717/630/709 631/631/625
f 727/694/719 634/635/628 718/626/710 717/630/709
f 720/698/712 719/697/711 801/756/793 802/757/794
f 721/699/713 720/698/712 802/757/794 803/758/795
f 722/700/714 721/699/713 803/758/795 804/759/796
f 710/693/702 796/753/788 724/702/716 723/701/715
f 796/753/788 728/693/720 725/701/717 724/702/716
f 719/697/711 726/703/718 805/760/797 801/756/793
f 728/693/720 635/636/629 727/694/719 725/701/717
f 644/569/638 638/568/632 807/761/799 808/762/800
f 638/568/632 643/639/637 809/763/801 807/761/799
f 639/611/633 728/693/720 796/753/788 729/704/721
f 794/751/786 810/764/802 730/705/722 707/692/699
f 643/639/637 730/705/722 811/765/803 809/763/801
f 645/640/639 806/706/798 813/766/805 731/641/723
f 814/767/806 815/768/807 733/707/725 732/646/724
f 733/707/725 816/769/808 734/708/726 646/647/640
f 816/769/808 895/770/886 1013/771/1004 965/772/956 817/773/809 735/774/727 737/775/729 650/650/644 648/649/642 647/648/641 734/708/726
f 649/575/643 740/712/732 778/737/770 820/776/812 736/709/728
f 653/652/646 736/709/728 820/776/812 654/653/647 578/577/572
f 737/775/729 899/777/890 971/778/962 1049/779/1040 1013/771/1004 895/770/886 964/780/955 1012/781/1003 972/782/963 900/783/891 818/784/810 738/710/730 650/650/644
f 651/651/645 738/710/730 818/784/810 739/711/731
f 740/712/732 739/711/731 819/785/811 779/738/771
f 654/653/647 820/776/812 778/737/770 694/683/687 693/682/686 741/713/733
f 742/714/734 821/519/813 743/518/735 655/654/648
f 902/517/893 822/786/814 657/715/650 581/656/575 509/524/503 449/456/443 448/455/442 508/513/502 580/579/574 656/655/649 743/518/735
f 657/715/650 822/786/814 823/787/815 744/716/736
f 744/716/736 824/788/816 745/717/737 658/657/651
f 745/717/737 825/789/817 826/790/818 746/718/738
f 827/516/819 661/515/654 747/719/739 828/791/820
f 660/659/653 748/720/740 829/792/821 747/719/739
f 746/718/738 826/790/818 830/793/822 748/720/740
f 663/660/656 749/520/741 821/519/813 742/714/734
f 666/662/659 750/721/742 776/735/768 751/722/743
f 752/723/744 751/722/743 831/794/823 832/795/824
f 671/663/664 670/533/663 587/532/581 590/589/584 759/746/751
f 832/795/824 833/796/825 668/584/661 752/723/744
f 754/585/746 668/584/661 833/796/825 834/797/826 835/798/827
f 835/798/827 755/799/747 669/587/662 588/586/582 754/585/746
f 755/799/747 836/800/828 756/724/748 669/587/662
f 756/724/748 837/801/829 838/802/830 757/725/749
f 757/725/749 838/802/830 839/803/831 758/726/750
f 590/589/584 758/726/750 790/747/782 759/746/751
f 701/686/694 672/664/665 671/663/664 759/746/751 611/604/605
f 760/727/752 840/804/832 761/728/753 674/666/667
f 940/805/931 841/806/833 797/807/789 621/617/615 559/559/553 620/616/614 712/695/704 761/728/753 840/804/832 867/622/859 866/621/858
f 762/662/754 695/583/688 860/583/852 842/723/834 851/722/843
f 762/662/754 843/721/835 763/679/755 675/582/668
f 763/679/755 765/675/757 764/676/756 676/667/669
f 687/677/680 769/729/761 844/730/836 777/736/769
f 843/721/835 766/674/758 765/675/757 763/679/755
f 775/735/767 681/671/674 766/674/758 843/721/835
f 767/669/759 680/670/673 773/733/765 845/732/837
f 768/668/760 767/669/759 845/732/837 846/731/838
f 769/729/761 768/668/760 846/731/838 844/730/836
f 770/730/762 847/808/839 848/809/840 771/731/763
f 771/731/763 848/809/840 849/810/841 772/732/764
f 772/732/764 849/810/841 850/811/842 773/733/765
f 831/794/823 774/734/766 775/735/767 851/722/843
f 751/722/743 776/735/768 774/734/766 831/794/823
f 777/736/769 852/812/844 847/808/839 770/730/762
f 780/739/772 779/738/771 853/813/845 783/741/775
f 855/814/847 856/584/848 782/528/774 781/740/773 857/815/849 858/816/850 859/817/851
f 787/620/779 696/619/689 785/743/777 861/818/853
f 784/742/776 862/819/854 863/820/855 785/743/777
f 621/617/615 797/807/789 864/821/856 786/744/778
f 786/744/778 865/822/857 862/819/854 784/742/776
f 699/684/692 788/623/780 867/622/859 789/745/781
f 789/745/781 867/622/859 840/804/832 760/727/752
f 790/747/782 868/823/860 791/748/783 704/689/696
f 791/748/783 868/823/860 839/803/831 919/824/910 941/825/932 869/826/861 1001/827/992 1040/828/1031 1025/829/1016 1002/830/993 942/831/933 870/832/862 792/749/784
f 705/690/697 792/749/784 870/832/862 793/750/785
f 706/691/698 793/750/785 871/833/863 795/752/787
f 872/834/179 794/751/786 795/752/787 873/835/864
f 798/754/790 722/700/714 804/759/796 874/758/865
f 799/698/791 798/754/790 874/758/865 875/757/866
f 800/755/792 799/698/791 875/757/866 876/836/867
f 726/703/718 800/755/792 876/836/867 805/760/797
f 802/757/794 801/756/793 877/837/868 878/698/869
f 803/758/795 802/757/794 878/698/869 879/838/870
f 804/759/796 803/758/795 879/838/870 880/839/871
f 801/756/793 805/760/797 881/840/872 877/837/868
f 806/706/798 644/569/638 808/762/800 882/841/873
f 808/762/800 807/761/799 883/842/874 884/843/875
f 807/761/799 809/763/801 885/844/876 883/842/874
f 872/834/179 886/845/877 810/764/802 794/751/786
f 730/705/722 810/764/802 887/846/878 811/765/803
f 809/763/801 811/765/803 888/847/879 885/844/876
f 813/766/805 806/706/798 882/841/873 890/848/881
f 731/641/723 813/766/805 889/642/880
f 814/767/806 732/646/724 960/645/951 962/849/953 892/850/883 932/851/923
f 893/852/884 894/853/885 815/768/807 814/767/806
f 815/768/807 895/770/886 816/769/808 733/707/725
f 735/774/727 817/773/809 896/854/887 897/855/888
f 737/775/729 735/774/727 897/855/888 898/856/889
f 739/711/731 818/784/810 900/783/891 819/785/811
f 779/738/771 819/785/811 901/857/892 853/813/845
f 822/786/814 902/517/893 903/858/894 823/787/815
f 823/787/815 904/859/895 824/788/816 744/716/736
f 824/788/816 905/860/896 825/789/817 745/717/737
f 906/861/897 907/862/898 826/790/818 825/789/817
f 902/517/893 827/516/819 828/791/820 903/858/894
f 747/719/739 829/792/821 908/863/899 828/791/820
f 748/720/740 830/793/822 909/864/900 829/792/821
f 907/862/898 910/865/901 830/793/822 826/790/818
f 832/795/824 831/794/823 851/722/843 842/723/834 911/723/902
f 911/723/902 856/584/848 833/796/825 832/795/824
f 834/797/826 833/796/825 856/584/848 855/814/847 912/866/903
f 913/867/904 914/868/905 915/869/906 755/799/747 835/798/827 834/797/826 912/866/903
f 915/869/906 916/870/907 836/800/828 755/799/747
f 836/800/828 917/871/908 837/801/829 756/724/748
f 981/872/972 918/873/909 919/824/910 839/803/831 838/802/830 837/801/829 917/871/908 980/874/971 1025/829/1016 1040/828/1031 1060/875/1051
f 758/726/750 839/803/831 868/823/860 790/747/782
f 851/722/843 775/735/767 843/721/835 762/662/754
f 844/730/836 920/808/911 852/812/844 777/736/769
f 773/733/765 850/811/842 921/810/912 845/732/837
f 845/732/837 921/810/912 922/809/913 846/731/838
f 846/731/838 922/809/913 920/808/911 844/730/836
f 847/808/839 923/876/914 924/731/915 848/809/840
f 848/809/840 924/731/915 925/877/916 849/810/841
f 849/810/841 925/877/916 926/878/917 850/811/842
f 852/812/844 927/879/918 923/876/914 847/808/839
f 853/813/845 928/880/919 854/881/846 929/882/920 857/815/849 781/740/773 783/741/775
f 859/817/851 913/867/904 912/866/903 855/814/847
f 911/723/902 842/723/834 860/583/852 782/528/774 856/584/848
f 857/815/849 929/882/920 858/816/850
f 892/850/883 930/883/921 913/867/904 859/817/851 858/816/850 929/882/920 854/881/846 931/884/922 932/851/923
f 866/621/858 787/620/779 861/818/853 933/885/924
f 785/743/777 863/820/855 934/886/925 861/818/853
f 862/819/854 935/887/926 936/888/927 863/820/855
f 797/807/789 841/806/833 937/889/928 864/821/856
f 864/821/856 938/890/929 865/822/857 786/744/778
f 865/822/857 939/891/930 935/887/926 862/819/854
f 793/750/785 870/832/862 942/831/933 871/833/863
f 795/752/787 871/833/863 943/892/934 873/835/864
f 944/893/935 872/834/179 873/835/864 945/894/936
f 874/758/865 804/759/796 880/839/871 946/838/937
f 875/757/866 874/758/865 946/838/937 947/698/938
f 876/836/867 875/757/866 947/698/938 948/837/939
f 805/760/797 876/836/867 948/837/939 881/840/872
f 949/626/940 878/698/869 877/837/868 950/895/941
f 951/896/942 879/838/870 878/698/869 949/626/940
f 952/897/943 880/839/871 879/838/870 951/896/942
f 950/895/941 877/837/868 881/840/872 953/898/944
f 882/841/873 808/762/800 884/843/875 954/899/945
f 1009/900/1000 956/901/947 955/902/946 1006/903/997 954/899/945 884/843/875 883/842/874 885/844/876 888/847/879 959/904/950 1008/905/999 1044/906/1035 1045/907/1036
f 944/893/935 957/908/948 886/845/877 872/834/179
f 810/764/802 886/845/877 958/909/949 887/846/878
f 811/765/803 887/846/878 959/904/950 888/847/879
f 889/642/880 813/766/805 812/643/804
f 890/848/881 1010/910/1001 962/849/953 960/645/951 891/644/882 813/766/805
f 890/848/881 882/841/873 954/899/945 961/911/952
f 812/643/804 813/766/805 891/644/882
f 931/884/922 893/852/884 814/767/806 932/851/923
f 928/880/919 963/912/954 894/853/885 893/852/884
f 894/853/885 964/780/955 895/770/886 815/768/807
f 817/773/809 965/772/956 966/913/957 896/854/887
f 896/854/887 967/914/958 968/915/959 897/855/888
f 899/777/890 737/775/729 898/856/889 969/916/960
f 897/855/888 968/915/959 970/917/961 898/856/889
f 819/785/811 900/783/891 972/782/963 901/857/892
f 853/813/845 901/857/892 963/912/954 928/880/919
f 903/858/894 973/918/964 904/859/895 823/787/815
f 904/859/895 974/919/965 905/860/896 824/788/816
f 975/920/966 906/861/897 825/789/817 905/860/896
f 906/861/897 975/920/966 1022/921/1013 1058/922/1049 1023/923/1014 977/924/968 910/865/901 907/862/898
f 828/791/820 908/863/899 973/918/964 903/858/894
f 829/792/821 909/864/900 976/925/967 908/863/899
f 910/865/901 977/924/968 909/864/900 830/793/822
f 913/867/904 930/883/921 978/926/969 914/868/905
f 914/868/905 944/893/935 945/894/936 915/869/906
f 945/894/936 979/927/970 916/870/907 915/869/906
f 916/870/907 980/874/971 917/871/908 836/800/828
f 920/808/911 982/876/973 927/879/918 852/812/844
f 850/811/842 926/878/917 983/877/974 921/810/912
f 921/810/912 983/877/974 984/731/975 922/809/913
f 922/809/913 984/731/975 982/876/973 920/808/911
f 985/928/976 986/668/977 924/731/915 923/876/914
f 986/668/977 987/929/978 925/877/916 924/731/915
f 987/929/978 988/930/979 926/878/917 925/877/916
f 989/931/980 985/928/976 923/876/914 927/879/918
f 854/881/846 928/880/919 893/852/884 931/884/922
f 930/883/921 892/850/883 962/849/953 1010/910/1001 990/932/981
f 940/805/931 866/621/858 933/885/924 991/933/982
f 861/818/853 934/886/925 992/934/983 933/885/924
f 863/820/855 936/888/927 993/935/984 934/886/925
f 994/936/985 995/937/986 936/888/927 935/887/926
f 841/806/833 940/805/931 991/933/982 937/889/928
f 937/889/928 996/938/987 938/890/929 864/821/856
f 938/890/929 997/939/988 939/891/930 865/822/857
f 998/940/989 994/936/985 935/887/926 939/891/930
f 869/826/861 941/825/932 999/941/990 1000/942/991
f 871/833/863 942/831/933 1002/830/993 943/892/934
f 873/835/864 943/892/934 979/927/970 945/894/936
f 1003/896/994 946/838/937 880/839/871 952/897/943
f 1004/626/995 947/698/938 946/838/937 1003/896/994
f 1005/895/996 948/837/939 947/698/938 1004/626/995
f 953/898/944 881/840/872 948/837/939 1005/895/996
f 950/895/941 953/898/944 1005/895/996 1004/626/995 1003/896/994 952/897/943 951/896/942 949/626/940
f 914/868/905 978/926/969 957/908/948 944/893/935
f 886/845/877 957/908/948 1007/943/998 958/909/949
f 887/846/878 958/909/949 1008/905/999 959/904/950
f 1010/910/1001 890/848/881 961/911/952 1011/944/1002
f 963/912/954 1012/781/1003 964/780/955 894/853/885
f 965/772/956 1013/771/1004 1014/945/1005 966/913/957
f 966/913/957 1015/946/1006 967/914/958 896/854/887
f 967/914/958 1016/947/1007 1017/948/1008 968/915/959
f 971/778/962 899/777/890 969/916/960 1018/949/1009
f 898/856/889 970/917/961 1019/950/1010 969/916/960
f 968/915/959 1017/948/1008 1020/951/1011 970/917/961
f 901/857/892 972/782/963 1012/781/1003 963/912/954
f 973/918/964 1021/952/1012 974/919/965 904/859/895
f 1022/921/1013 975/920/966 905/860/896 974/919/965
f 908/863/899 976/925/967 1021/952/1012 973/918/964
f 977/924/968 1023/923/1014 976/925/967 909/864/900
f 978/926/969 930/883/921 990/932/981 1024/953/1015
f 979/927/970 1025/829/1016 980/874/971 916/870/907
f 918/873/909 981/872/972 1026/954/1017 1027/955/1018
f 919/824/910 918/873/909 1027/955/1018 1028/956/1019
f 1029/928/1020 989/931/980 927/879/918 982/876/973
f 988/930/979 1030/929/1021 983/877/974 926/878/917
f 1030/929/1021 1031/668/1022 984/731/975 983/877/974
f 1031/668/1022 1029/928/1020 982/876/973 984/731/975
f 987/929/978 986/668/977 985/928/976 989/931/980 1029/928/1020 1031/668/1022 1030/929/1021 988/930/979
f 933/885/924 992/934/983 1032/957/1023 991/933/982
f 934/886/925 993/935/984 1033/958/1024 992/934/983
f 995/937/986 1034/959/1025 993/935/984 936/888/927
f 991/933/982 1032/957/1023 996/938/987 937/889/928
f 996/938/987 1035/960/1026 997/939/988 938/890/929
f 1036/961/1027 998/940/989 939/891/930 997/939/988
f 998/940/989 1036/961/1027 1067/962/1058 1088/963/1079 1066/964/1057 1034/959/1025 995/937/986 994/936/985
f 941/825/932 919/824/910 1028/956/1019 999/941/990
f 1001/827/992 869/826/861 1000/942/991 1037/965/1028
f 999/941/990 1038/966/1029 1039/967/1030 1000/942/991
f 943/892/934 1002/830/993 1025/829/1016 979/927/970
f 956/901/947 1041/968/1032 1042/969/1033 955/902/946
f 955/902/946 1042/969/1033 1043/970/1034 1006/903/997
f 957/908/948 978/926/969 1024/953/1015 1007/943/998
f 958/909/949 1007/943/998 1044/906/1035 1008/905/999
f 1009/900/1000 1046/971/1037 1041/968/1032 956/901/947
f 990/932/981 1010/910/1001 1011/944/1002 1047/972/1038
f 1013/771/1004 1049/779/1040 1050/973/1041 1014/945/1005
f 1014/945/1005 1051/974/1042 1015/946/1006 966/913/957
f 1015/946/1006 1052/975/1043 1016/947/1007 967/914/958
f 1053/976/1044 1054/977/1045 1017/948/1008 1016/947/1007
f 1049/779/1040 971/778/962 1018/949/1009 1050/973/1041
f 969/916/960 1019/950/1010 1055/978/1046 1018/949/1009
f 970/917/961 1020/951/1011 1056/979/1047 1019/950/1010
f 1054/977/1045 1057/980/1048 1020/951/1011 1017/948/1008
f 1058/922/1049 1022/921/1013 974/919/965 1021/952/1012
f 1023/923/1014 1058/922/1049 1021/952/1012 976/925/967
f 1024/953/1015 990/932/981 1047/972/1038 1059/981/1050
f 981/872/972 1060/875/1051 1061/982/1052 1026/954/1017
f 1026/954/1017 1062/983/1053 1063/984/1054 1027/955/1018
f 1027/955/1018 1063/984/1054 1064/985/1055 1028/956/1019
f 992/934/983 1033/958/1024 1065/986/1056 1032/957/1023
f 1034/959/1025 1066/964/1057 1033/958/1024 993/935/984
f 1032/957/1023 1065/986/1056 1035/960/1026 996/938/987
f 1067/962/1058 1036/961/1027 997/939/988 1035/960/1026
f 1028/956/1019 1064/985/1055 1038/966/1029 999/941/990
f 1040/828/1031 1001/827/992 1037/965/1028 1068/987/1059
f 1000/942/991 1039/967/1030 1069/988/1060 1037/965/1028
f 1038/966/1029 1070/989/1061 1071/990/1062 1039/967/1030
f 1042/969/1033 1041/968/1032 1072/991/1063 1073/992/1064
f 1043/970/1034 1042/969/1033 1073/992/1064 1074/993/1065
f 1006/903/997 1043/970/1034 1075/994/1066 1048/995/1039
f 1007/943/998 1024/953/1015 1059/981/1050 1044/906/1035
f 1045/907/1036 1076/996/1067 1046/971/1037 1009/900/1000
f 1041/968/1032 1046/971/1037 1077/997/1068 1072/991/1063
f 1050/973/1041 1079/998/1070 1051/974/1042 1014/945/1005
f 1051/974/1042 1080/999/1071 1052/975/1043 1015/946/1006
f 1081/1000/1072 1053/976/1044 1016/947/1007 1052/975/1043
f 1018/949/1009 1055/978/1046 1079/998/1070 1050/973/1041
f 1019/950/1010 1056/979/1047 1082/1001/1073 1055/978/1046
f 1057/980/1048 1083/1002/1074 1056/979/1047 1020/951/1011
f 1057/980/1048 1054/977/1045 1053/976/1044 1081/1000/1072 1103/1003/1094 1119/1004/1110 1104/1005/1095 1083/1002/1074
f 1060/875/1051 1040/828/1031 1068/987/1059 1061/982/1052
f 1061/982/1052 1084/1006/1075 1062/983/1053 1026/954/1017
f 1062/983/1053 1085/1007/1076 1086/1008/1077 1063/984/1054
f 1063/984/1054 1086/1008/1077 1087/1009/1078 1064/985/1055
f 1066/964/1057 1088/963/1079 1065/986/1056 1033/958/1024
f 1088/963/1079 1067/962/1058 1035/960/1026 1065/986/1056
f 1064/985/1055 1087/1009/1078 1070/989/1061 1038/966/1029
f 1037/965/1028 1069/988/1060 1089/1010/1080 1068/987/1059
f 1039/967/1030 1071/990/1062 1090/1011/1081 1069/988/1060
f 1091/1012/1082 1092/1013/1083 1071/990/1062 1070/989/1061
f 1073/992/1064 1072/991/1063 1093/1014/1084 1094/1015/1085
f 1075/994/1066 1043/970/1034 1074/993/1065 1095/1016/1086
f 1074/993/1065 1073/992/1064 1094/1015/1085 1096/1017/1087
f 1048/995/1039 1075/994/1066 1097/1018/1088 1078/1019/1069
f 1011/944/1002 961/911/952 954/899/945 1006/903/997 1048/995/1039 1078/1019/1069 1098/1020/1089 1045/907/1036 1044/906/1035 1059/981/1050 1047/972/1038
f 1098/1020/1089 1099/1021/1090 1076/996/1067 1045/907/1036
f 1046/971/1037 1076/996/1067 1100/1022/1091 1077/997/1068
f 1072/991/1063 1077/997/1068 1101/1023/1092 1093/1014/1084
f 1079/998/1070 1102/1024/1093 1080/999/1071 1051/974/1042
f 1103/1003/1094 1081/1000/1072 1052/975/1043 1080/999/1071
f 1055/978/1046 1082/1001/1073 1102/1024/1093 1079/998/1070
f 1083/1002/1074 1104/1005/1095 1082/1001/1073 1056/979/1047
f 1068/987/1059 1089/1010/1080 1084/1006/1075 1061/982/1052
f 1084/1006/1075 1105/1025/1096 1085/1007/1076 1062/983/1053
f 1106/1026/1097 1107/1027/1098 1086/1008/1077 1085/1007/1076
f 1107/1027/1098 1108/1028/1099 1087/1009/1078 1086/1008/1077
f 1108/1028/1099 1091/1012/1082 1070/989/1061 1087/1009/1078
f 1069/988/1060 1090/1011/1081 1109/1029/1100 1089/1010/1080
f 1092/1013/1083 1110/1030/1101 1090/1011/1081 1071/990/1062
f 1111/1031/1102 1094/1015/1085 1093/1014/1084 1112/1032/1103
f 1097/1018/1088 1075/994/1066 1095/1016/1086 1113/1033/1104
f 1095/1016/1086 1074/993/1065 1096/1017/1087 1114/1034/1105
f 1115/1035/1106 1096/1017/1087 1094/1015/1085 1111/1031/1102
f 1078/1019/1069 1097/1018/1088 1099/1021/1090 1098/1020/1089
f 1076/996/1067 1099/1021/1090 1116/1036/1107 1100/1022/1091
f 1077/997/1068 1100/1022/1091 1117/1037/1108 1101/1023/1092
f 1112/1032/1103 1093/1014/1084 1101/1023/1092 1118/1038/1109
f 1119/1004/1110 1103/1003/1094 1080/999/1071 1102/1024/1093
f 1104/1005/1095 1119/1004/1110 1102/1024/1093 1082/1001/1073
f 1089/1010/1080 1109/1029/1100 1105/1025/1096 1084/1006/1075
f 1120/1039/1111 1106/1026/1097 1085/1007/1076 1105/1025/1096
f 1110/1030/1101 1121/1040/1112 1109/1029/1100 1090/1011/1081
f 1112/1032/1103 1118/1038/1109 1125/1041/1116 1127/1042/1118 1126/1043/1117 1123/1044/1114 1115/1035/1106 1111/1031/1102
f 1099/1021/1090 1097/1018/1088 1113/1033/1104 1116/1036/1107
f 1113/1033/1104 1095/1016/1086 1114/1034/1105 1122/1045/1113
f 1123/1044/1114 1114/1034/1105 1096/1017/1087 1115/1035/1106
f 1100/1022/1091 1116/1036/1107 1124/1046/1115 1117/1037/1108
f 1118/1038/1109 1101/1023/1092 1117/1037/1108 1125/1041/1116
f 1121/1040/1112 1120/1039/1111 1105/1025/1096 1109/1029/1100
f 1121/1040/1112 1110/1030/1101 1092/1013/1083 1091/1012/1082 1108/1028/1099 1107/1027/1098 1106/1026/1097 1120/1039/1111
f 1116/1036/1107 1113/1033/1104 1122/1045/1113 1124/1046/1115
f 1126/1043/1117 1122/1045/1113 1114/1034/1105 1123/1044/1114
f 1125/1041/1116 1117/1037/1108 1124/1046/1115 1127/1042/1118
f 1127/1042/1118 1124/1046/1115 1122/1045/1113 1126/1043/1117
f 1128/1047/119 1129/1048/1119 1130/1049/1120 1131/1050/1121
f 1128/1047/119 1131/1050/1121 1132/1051/1122 1133/1052/1123
f 373/1053/370 1134/1054/1124 1129/1048/1119 1128/1047/119 443/1055/436 374/1056/371
f 1130/1049/1120 1129/1048/1119 1135/1057/1125 1136/1058/1126
f 1131/1050/1121 1130/1049/1120 1137/1059/1127 1138/1060/1128
f 443/1055/436 1128/1047/119 1133/1052/1123 1139/1061/1129 440/1062/435 439/1063/434 441/1064/436
f 1131/1050/1121 1138/1060/1128 1140/1065/1130 1132/1051/1122
f 1132/1051/1122 1141/1066/1131 1142/1067/1132 1133/1052/1123
f 372/1068/369 1143/1069/1133 1144/1070/1134 1134/1054/1124 373/1053/370
f 1129/1048/1119 1134/1054/1124 1145/1071/1135 1135/1057/1125
f 1137/1059/1127 1130/1049/1120 1136/1058/1126 1146/1072/1136
f 1136/1058/1126 1135/1057/1125 1147/1073/1137 1148/1074/1138
f 1138/1060/1128 1137/1059/1127 1149/1075/1139 1150/1076/1140
f 1133/1052/1123 1142/1067/1132 1151/1077/1141 1139/1061/1129
f 440/1062/435 1139/1061/1129 1152/1078/1142 313/1079/312 312/369/311 371/371/368 437/451/432
f 1138/1060/1128 1150/1076/1140 1153/1080/1143 1140/1065/1130
f 1140/1065/1130 1154/1081/1144 1141/1066/1131 1132/1051/1122
f 1141/1066/1131 1155/1082/1145 1156/1083/1146 1142/1067/1132
f 1143/1069/1133 372/1068/369 316/1084/315 317/1085/316
f 254/1086/254 1157/1087/1147 1144/1070/1134 1143/1069/1133 255/1088/255
f 1134/1054/1124 1144/1070/1134 1158/1089/1148 1145/1071/1135
f 1135/1057/1125 1145/1071/1135 1159/1090/1149 1147/1073/1137
f 1149/1075/1139 1137/1059/1127 1146/1072/1136 1160/1091/1150
f 1146/1072/1136 1136/1058/1126 1148/1074/1138 1161/1092/1151
f 1150/1076/1140 1149/1075/1139 1163/1093/1153 67/1094/67 66/1095/66 54/1096/54 53/1097/53
f 1142/1067/1132 1156/1083/1146 1164/1098/1154 1151/1077/1141
f 1139/1061/1129 1151/1077/1141 1165/1099/1155 1152/1078/1142
f 313/1079/312 1152/1078/1142 1166/1100/1156 201/1101/201 200/1102/200 251/1103/251
f 1150/1076/1140 53/1097/53 52/1104/52 51/1105/51 50/1106/50 40/1107/40 39/1108/39 1167/1109/1157 1153/1080/1143
f 1153/1080/1143 1168/1110/1158 1154/1081/1144 1140/1065/1130
f 1154/1081/1144 1169/1111/1159 1155/1082/1145 1141/1066/1131
f 255/1088/255 1143/1069/1133 317/1085/316 256/1112/256
f 204/1113/204 1171/1114/1161 1157/1087/1147 254/1086/254 253/303/253 315/302/314 314/301/313 252/257/252 205/259/205
f 1144/1070/1134 1157/1087/1147 1172/1115/1162 1158/1089/1148
f 1145/1071/1135 1158/1089/1148 1173/1116/1163 1159/1090/1149
f 1163/1093/1153 1149/1075/1139 1160/1091/1150 1174/1117/1164
f 1160/1091/1150 1146/1072/1136 1161/1092/1151 1175/1118/1165
f 67/1094/67 1163/1093/1153 1177/1119/1167 68/1120/68
f 1151/1077/1141 1164/1098/1154 1178/1121/1168 1165/1099/1155
f 1152/1078/1142 1165/1099/1155 1179/1122/1169 1166/1100/1156
f 201/1101/201 1166/1100/1156 1180/1123/1170 130/1124/130 129/1125/129 159/1126/159
f 49/1127/49 1181/1128/1171 1167/1109/1157 39/1108/39 38/1129/38
f 1167/1109/1157 1182/1130/1172 1168/1110/1158 1153/1080/1143
f 1168/1110/1158 1183/1131/1173 1169/1111/1159 1154/1081/1144
f 133/1132/133 1185/1133/1175 1171/1114/1161 204/1113/204 203/256/203 202/196/202 160/147/160 131/149/131
f 1157/1087/1147 1171/1114/1161 1186/1134/1176 1172/1115/1162
f 1158/1089/1148 1172/1115/1162 1187/1135/1177 1173/1116/1163
f 1177/1119/1167 1163/1093/1153 1174/1117/1164 1189/1136/1179
f 1174/1117/1164 1160/1091/1150 1175/1118/1165 1190/1137/1180
f 1161/1092/1151 1148/1074/1138 1147/1073/1137 1162/1138/1152 1176/1139/1166 1191/1140/1181 1227/1141/1217 1245/1142/1235 1210/1143/1200 1190/1137/1180 1175/1118/1165
f 1162/1138/1152 1192/1144/1182 1193/1145/1183 1176/1139/1166
f 68/1120/68 1177/1119/1167 1194/1146/1184 103/1147/103 88/1148/88 69/1149/69
f 1165/1099/1155 1178/1121/1168 1196/1150/1186 1179/1122/1169
f 1166/1100/1156 1179/1122/1169 1197/1151/1187 1180/1123/1170
f 130/1124/130 1180/1123/1170 1198/1152/1188 85/1153/85 84/1154/84 100/1155/100
f 86/1156/86 1199/1157/1189 1181/1128/1171 49/1127/49 48/1158/48 65/1159/65
f 1181/1128/1171 1200/1160/1190 1182/1130/1172 1167/1109/1157
f 1182/1130/1172 1201/1161/1191 1183/1131/1173 1168/1110/1158
f 1170/1162/1160 1184/1163/1174 1203/1164/1193 1204/1165/1194
f 103/1147/103 1194/1146/1184 1185/1133/1175 133/1132/133 101/1166/101
f 1171/1114/1161 1185/1133/1175 1205/1167/1195 1186/1134/1176
f 1172/1115/1162 1186/1134/1176 1206/1168/1196 1187/1135/1177
f 1188/1169/1178 1208/1170/1198 1192/1144/1182 1162/1138/1152
f 1194/1146/1184 1177/1119/1167 1189/1136/1179 1209/1171/1199
f 1189/1136/1179 1174/1117/1164 1190/1137/1180 1210/1143/1200
f 1176/1139/1166 1193/1145/1183 1211/1172/1201 1191/1140/1181
f 1193/1145/1183 1192/1144/1182 1212/1173/1202 1213/1174/1203
f 1195/1175/1185 1170/1162/1160 1204/1165/1194 1214/1176/1204
f 1179/1122/1169 1196/1150/1186 1216/1177/1206 1197/1151/1187
f 1180/1123/1170 1197/1151/1187 1217/1178/1207 1198/1152/1188
f 85/1153/85 1198/1152/1188 1199/1157/1189 86/1156/86
f 1199/1157/1189 1218/1179/1208 1200/1160/1190 1181/1128/1171
f 1200/1160/1190 1219/1180/1209 1201/1161/1191 1182/1130/1172
f 1184/1163/1174 1202/1181/1192 1220/1182/1210 1203/1164/1193
f 1203/1164/1193 1221/1183/1211 1222/1184/1212 1204/1165/1194
f 1185/1133/1175 1194/1146/1184 1209/1171/1199 1205/1167/1195
f 1186/1134/1176 1205/1167/1195 1223/1185/1213 1206/1168/1196
f 1207/1186/1197 1224/1187/1214 1208/1170/1198 1188/1169/1178
f 1192/1144/1182 1208/1170/1198 1225/1188/1215 1212/1173/1202
f 1209/1171/1199 1189/1136/1179 1210/1143/1200 1226/1189/1216
f 1211/1172/1201 1193/1145/1183 1213/1174/1203 1228/1190/1218
f 1191/1140/1181 1211/1172/1201 1229/1191/1219 1227/1141/1217
f 1213/1174/1203 1212/1173/1202 1230/1192/1220 1231/1193/1221
f 1215/1194/1205 1195/1175/1185 1214/1176/1204 1232/1195/1222
f 1204/1165/1194 1222/1184/1212 1233/1196/1223 1214/1176/1204
f 1251/1197/1241 1255/1198/1245 1219/1180/1209 1235/1199/1225 1234/1200/1224 1216/1177/1206 1196/1150/1186 1178/1121/1168 1164/1098/1154 1156/1083/1146 1170/1162/1160 1195/1175/1185 1215/1194/1205
f 1197/1151/1187 1216/1177/1206 1234/1200/1224 1217/1178/1207
f 1198/1152/1188 1217/1178/1207 1218/1179/1208 1199/1157/1189
f 1218/1179/1208 1235/1199/1225 1219/1180/1209 1200/1160/1190
f 1255/1198/1245 1236/1201/1226 1202/1181/1192 1184/1163/1174 1170/1162/1160 1156/1083/1146 1155/1082/1145 1169/1111/1159 1183/1131/1173 1201/1161/1191 1219/1180/1209
f 1202/1181/1192 1236/1201/1226 1237/1202/1227 1220/1182/1210
f 1220/1182/1210 1238/1203/1228 1221/1183/1211 1203/1164/1193
f 1221/1183/1211 1239/1204/1229 1240/1205/1230 1222/1184/1212
f 1205/1167/1195 1209/1171/1199 1226/1189/1216 1223/1185/1213
f 1241/1206/1231 1242/1207/1232 1224/1187/1214 1207/1186/1197
f 1208/1170/1198 1224/1187/1214 1243/1208/1233 1225/1188/1215
f 1212/1173/1202 1225/1188/1215 1244/1209/1234 1230/1192/1220
f 1210/1143/1200 1245/1142/1235 1241/1206/1231 1207/1186/1197 1188/1169/1178 1162/1138/1152 1147/1073/1137 1159/1090/1149 1173/1116/1163 1187/1135/1177 1206/1168/1196 1223/1185/1213 1226/1189/1216
f 1229/1191/1219 1211/1172/1201 1228/1190/1218 1246/1210/1236
f 1228/1190/1218 1213/1174/1203 1231/1193/1221 1247/1211/1237
f 1227/1141/1217 1229/1191/1219 1248/1212/1238 1245/1142/1235
f 1249/1213/1239 1231/1193/1221 1230/1192/1220 1250/1214/1240
f 1251/1197/1241 1215/1194/1205 1232/1195/1222 1252/1215/1242
f 1214/1176/1204 1233/1196/1223 1253/1216/1243 1232/1195/1222
f 1222/1184/1212 1240/1205/1230 1254/1217/1244 1233/1196/1223
f 1217/1178/1207 1234/1200/1224 1235/1199/1225 1218/1179/1208
f 1236/1201/1226 1255/1198/1245 1256/1218/1246 1237/1202/1227
f 1237/1202/1227 1257/1219/1247 1238/1203/1228 1220/1182/1210
f 1238/1203/1228 1258/1220/1248 1239/1204/1229 1221/1183/1211
f 1259/1221/1249 1260/1222/1250 1240/1205/1230 1239/1204/1229
f 1245/1142/1235 1248/1212/1238 1242/1207/1232 1241/1206/1231
f 1224/1187/1214 1242/1207/1232 1261/1223/1251 1243/1208/1233
f 1225/1188/1215 1243/1208/1233 1262/1224/1252 1244/1209/1234
f 1250/1214/1240 1230/1192/1220 1244/1209/1234 1263/1225/1253
f 1248/1212/1238 1229/1191/1219 1246/1210/1236 1264/1226/1254
f 1246/1210/1236 1228/1190/1218 1247/1211/1237 1265/1227/1255
f 1266/1228/1256 1247/1211/1237 1231/1193/1221 1249/1213/1239
f 1263/1225/1253 1267/1229/747 1282/1230/1270 1283/1231/1271 1276/1232/1264 1266/1228/1256 1249/1213/1239 1250/1214/1240
f 1255/1198/1245 1251/1197/1241 1252/1215/1242 1256/1218/1246
f 1232/1195/1222 1253/1216/1243 1268/1233/1257 1252/1215/1242
f 1233/1196/1223 1254/1217/1244 1269/1234/1258 1253/1216/1243
f 1260/1222/1250 1270/1235/1259 1254/1217/1244 1240/1205/1230
f 1256/1218/1246 1271/1236/1260 1257/1219/1247 1237/1202/1227
f 1257/1219/1247 1272/1237/1261 1258/1220/1248 1238/1203/1228
f 1273/1238/637 1259/1221/1249 1239/1204/1229 1258/1220/1248
f 1280/1239/1268 1281/1240/1269 1284/1241/1272 1278/1242/1266 1270/1235/1259 1260/1222/1250 1259/1221/1249 1273/1238/637
f 1242/1207/1232 1248/1212/1238 1264/1226/1254 1261/1223/1251
f 1243/1208/1233 1261/1223/1251 1274/1243/1262 1262/1224/1252
f 1263/1225/1253 1244/1209/1234 1262/1224/1252 1267/1229/747
f 1264/1226/1254 1246/1210/1236 1265/1227/1255 1275/1244/1263
f 1276/1232/1264 1265/1227/1255 1247/1211/1237 1266/1228/1256
f 1252/1215/1242 1268/1233/1257 1271/1236/1260 1256/1218/1246
f 1253/1216/1243 1269/1234/1258 1277/1245/1265 1268/1233/1257
f 1270/1235/1259 1278/1242/1266 1269/1234/1258 1254/1217/1244
f 1271/1236/1260 1279/1246/1267 1272/1237/1261 1257/1219/1247
f 1280/1239/1268 1273/1238/637 1258/1220/1248 1272/1237/1261
f 1261/1223/1251 1264/1226/1254 1275/1244/1263 1274/1243/1262
f 1267/1229/747 1262/1224/1252 1274/1243/1262 1282/1230/1270
f 1283/1231/1271 1275/1244/1263 1265/1227/1255 1276/1232/1264
f 1268/1233/1257 1277/1245/1265 1279/1246/1267 1271/1236/1260
f 1278/1242/1266 1284/1241/1272 1277/1245/1265 1269/1234/1258
f 1281/1240/1269 1280/1239/1268 1272/1237/1261 1279/1246/1267
f 1282/1230/1270 1274/1243/1262 1275/1244/1263 1283/1231/1271
f 1284/1241/1272 1281/1240/1269 1279/1246/1267 1277/1245/1265
